sample_id,model,car,pcd,ae,lar,quality
C10_8f9ac1a8-f91f-4895-ba02-a2ff696fa43e___RS_NLB 3486,s3,0.0949,0.4056,13.6236,0.2623,DIFFUSE
C10_90dd4436-0614-4f6b-ad3b-b8db56ce4de8___RS_NLB  4673_180deg,s3,0.3579,0.3625,15.1198,0.9194,DIFFUSE
C10_a0d31f49-895a-4921-afb7-a546f6589433___RS_NLB  4670 copy 2_flipTB,s3,0.4171,0.2259,13.641,0.5876,DIFFUSE
C10_c4eb96b2-1345-46d0-a796-161042da21df___RS_NLB 0824 copy,s3,0.3405,0.202,15.2662,0.9807,DIFFUSE
C10_d3d7a5a3-ee3f-4654-8e90-8e722d433972___RS_NLB 3553,s3,0.6096,0.1989,14.2059,0.9604,DIFFUSE
C10_e2d99dbe-c4ff-46d8-8e09-38a19f10d2b5___RS_NLB 3533 copy,s3,0.5027,0.2021,14.8319,0.951,DIFFUSE
C11_7ba505f3-b357-4e48-be7b-29ebaf50ef9b___R.S_HL 5526 copy 2_flipLR,s3,0.1383,0.4657,14.2296,0.7523,DIFFUSE
C12_1f20a91e-f33c-4e38-937d-ee259477211e___FAM_B.Rot 5016_flipLR,s3,0.6774,0.0979,14.6886,0.7659,DIFFUSE
C12_1f20a91e-f33c-4e38-937d-ee259477211e___FAM_B.Rot 5016,s3,0.7659,0.1011,14.3337,0.8288,DIFFUSE
C12_237405e4-4ba2-486f-b29f-ceed2a217a90___FAM_B.Rot 3225_flipLR,s3,0.6754,0.202,14.2741,0.8385,DIFFUSE
C12_554d21fb-757a-47b5-97af-22511dc8dff3___FAM_B.Rot 0647_flipLR,s3,0.3616,0.2287,14.9197,0.383,DIFFUSE
C12_7994b175-d5f2-42a4-95e1-098e957766e6___FAM_B.Rot 0424_flipLR,s3,0.3547,0.2273,14.9553,0.3639,DIFFUSE
C12_8e972621-5e05-4b55-a371-80c1db805fff___FAM_B.Rot 0402,s3,0.7143,0.1042,14.9087,0.702,DIFFUSE
C12_d42dd1a5-4763-4d95-8de0-285dd4a7c0a9___FAM_B.Rot 0608,s3,0.7324,0.2021,14.5156,0.8737,DIFFUSE
C12_fa7dafca-d9a3-4d58-aa56-da5feae6f6da___FAM_B.Rot 3312_flipLR,s3,0.9413,0.0032,13.6594,0.8922,DIFFUSE
C14_c4633d82-335e-4616-9610-9ec96e10ccbb___FAM_L.Blight 1530,s3,0.7628,0.202,14.3653,0.8846,DIFFUSE
C15_fabd2864-3431-4f44-b3bf-fa3af593fe05___Mt.N.V_HL 9002_180deg,s3,0.5716,0.1989,14.59,0.7905,DIFFUSE
C16_b139bee0-97bd-40ae-80f8-29e472e6b19c___CREC_HLB 7546,s3,0.9154,0.1011,13.7935,0.927,DIFFUSE
C16_f0e9ab3f-1b18-4fb4-99ae-b251d8c72e25___CREC_HLB 7739,s3,0.8381,0.1042,13.6657,0.9899,DIFFUSE
C17_c71d75ab-5e25-4c59-9a7c-fe915a6def88___Rut._Bact.S 0779,s3,0.7353,0.1042,14.5934,0.8555,DIFFUSE
C19_43aa27d3-3a37-4245-8b20-984512abfc6c___JR_B.Spot 3386,s3,0.9245,0.0045,13.5711,0.9393,DIFFUSE
C19_9029703b-db1b-4227-bd29-ab05cc53b7ba___NREC_B.Spot 1802_180deg,s3,0.6891,0.2245,14.4394,0.9317,DIFFUSE
C19_b9a94a36-2bdb-48a3-80eb-858a97ddba5b___JR_B.Spot 9080,s3,0.5628,0.101,15.1373,0.4012,DIFFUSE
C19_cc9a53f1-2279-4427-88e5-559c3975a7c4___NREC_B.Spot 1833,s3,0.7668,0.1429,13.731,0.868,DIFFUSE
C1_1ceeeee0-40bd-4ac9-8a57-59385bf5df8a___FREC_Scab 3001,s3,0.0863,0.3194,14.8542,0.7629,DIFFUSE
C1_c3d356bb-504c-48f7-b7aa-4feb5c009d6d___FREC_Scab 3383_90deg,s3,0.6322,0.1473,14.8716,0.727,DIFFUSE
C20_1b09df7a-eb13-4192-b211-900898ab21b4___JR_HL 8533_newPixel25,s3,0.6009,0.1989,14.2416,0.6676,DIFFUSE
C20_2c76bbee-0033-4186-bdc6-3f70092c4046___JR_HL 6000_newPixel25,s3,0.5737,0.2835,14.8073,0.6604,DIFFUSE
C20_3306b49b-e3b3-4450-8609-ae44ab2b6593___bell-pepper-plant-61726,s3,0.4145,0.2273,14.7266,0.7732,DIFFUSE
C22_19323229-6fdc-4231-bd3e-a46ddcff2111___RS_LB 3196,s3,0.4182,0.4072,15.046,0.3246,DIFFUSE
C22_1b7342d7-5d89-4ee3-8b4f-587d79187511___RS_LB 4416,s3,0.5903,0.2259,13.4347,0.6166,DIFFUSE
C22_420b4d84-d621-4a64-a8bd-30042f1a6609___RS_LB 2778,s3,0.5856,0.2245,13.9952,0.6416,DIFFUSE
C22_6be49d30-1b69-435a-a533-21b2b1a7fd41___RS_LB 3309,s3,0.8196,0.1406,13.8708,0.7795,DIFFUSE
C22_aa58c1c8-82a1-4e68-9ecb-3cd47341d09b___RS_LB 4331_180deg,s3,0.5808,0.202,14.1718,0.7987,DIFFUSE
C22_b64e4518-147a-4a75-9f9b-33db8902aa12___RS_LB 3202,s3,0.3417,0.2259,14.6839,0.2258,DIFFUSE
C22_c6ecc36c-1886-4d2d-89aa-0e9e9dc7ba32___RS_LB 4997_flipTB,s3,0.1338,0.4056,15.1749,0.2498,DIFFUSE
C22_e47b3a9a-24ea-460a-8a8f-4fc9814a072e___RS_LB 3314_flipTB,s3,0.674,0.2835,13.7733,0.7469,DIFFUSE
C23_0f4ebc5a-d646-436a-919d-961342997cde___RS_HL 4183_flipLR,s3,0.5125,0.2259,14.8496,0.8534,DIFFUSE
C23_111cd9d8-4d27-4225-be9e-d29b21cf56b9___RS_HL 5419_flipLR,s3,0.1667,0.4072,15.0625,0.3515,DIFFUSE
C23_111cd9d8-4d27-4225-be9e-d29b21cf56b9___RS_HL 5419,s3,0.2179,0.303,15.0502,0.4223,DIFFUSE
C23_1b434c52-7be4-40c4-90d5-13220f1a3eba___RS_HL 5418_flipTB,s3,0.7407,0.1406,14.4666,0.824,DIFFUSE
C23_23f1ab77-d664-49c4-92eb-41eb66c6d101___RS_HL 4169,s3,0.8123,0.1011,14.367,0.9022,DIFFUSE
C23_762672f4-17e6-4fd6-84f1-3bcb091b3ca5___RS_HL 5417_newGGR,s3,0.414,0.303,15.1967,0.5887,DIFFUSE
C23_b4031970-60ea-4739-9fed-6c81be1bad1c___RS_HL 1752_180deg,s3,0.7266,0.1406,13.9366,0.9295,DIFFUSE
C23_c07db642-c675-4066-99b6-56bc8207fb37___RS_HL 4164_newGGR,s3,0.1999,0.4088,14.7705,0.9561,DIFFUSE
C25_aec600ff-4d1d-4b12-bdd4-8f1515d99273___RS_HL 3440,s3,0.1785,0.4657,14.3402,0.6535,DIFFUSE
C25_b4cf2330-e6cd-4b3b-aa3a-4936e38e0571___RS_HL 7287,s3,0.5861,0.2245,14.5896,0.6071,DIFFUSE
C27_c813028f-add4-4591-832c-72163c6ff701___RS_L.Scorch 9962,s3,0.5396,0.3194,14.8417,0.6943,DIFFUSE
C29_18f7004e-226b-42cc-bcaf-db9c47c5da65___UF.GRC_BS_Lab Leaf 9237,s3,0.7059,0.1429,14.6265,0.7081,DIFFUSE
C29_3cd5b241-d5f1-4ae7-92ea-447613dac98a___GCREC_Bact.Sp 3561,s3,0.3586,0.2287,14.8456,0.6971,DIFFUSE
C29_459dc80c-b60d-4da1-9400-7e0803cb2432___UF.GRC_BS_Lab Leaf 0708,s3,0.4945,0.4088,14.478,0.6038,DIFFUSE
C29_470dc5c1-47be-4468-ab17-e378715807e2___GCREC_Bact.Sp 3697,s3,0.2627,0.101,14.9134,0.2837,DIFFUSE
C29_54672dba-a230-438b-a8a3-ce4b3b456254___GCREC_Bact.Sp 3562,s3,0.3489,0.2287,15.0534,0.6053,DIFFUSE
C29_ae92bca1-f5f0-4463-9459-97b61b826838___GCREC_Bact.Sp 3740,s3,0.6761,0.1406,14.4049,0.8367,DIFFUSE
C29_e818ebcc-f37e-41c7-beae-0cb76e113a36___UF.GRC_BS_Lab Leaf 8705,s3,0.3057,0.3625,14.97,0.244,DIFFUSE
C29_ffcf0c9e-f932-4836-b160-47277fbe124c___GCREC_Bact.Sp 3776,s3,0.3138,0.4056,14.8961,0.684,DIFFUSE
C30_06d0298e-18e5-4bf5-8d33-8feef6600f15___RS_Erly.B 7573,s3,0.3437,0.202,14.9238,0.4561,DIFFUSE
C30_68f9f67d-e84a-4551-871c-7b56aab9defc___RS_Erly.B 7693,s3,0.0895,0.4056,14.7624,0.4051,DIFFUSE
C30_7763d482-8290-46f4-83aa-edb87ae15297___RS_Erly.B 7766_180deg,s3,0.4273,0.1042,15.1501,0.6079,DIFFUSE
C30_d0b75b16-bdf9-4e9d-bac9-47bf98c6258a___RS_Erly.B 6416,s3,0.8713,0.1011,13.8468,0.7751,DIFFUSE
C30_e31c2f10-8b8d-4aec-9bc7-764d2995ebec___RS_Erly.B 7398_flipTB,s3,0.6648,0.2857,14.3791,0.4352,DIFFUSE
C30_ecafc299-bc29-4b5a-9a9b-537362b81ed2___RS_Erly.B 7435,s3,0.6002,0.101,15.0795,0.543,DIFFUSE
C30_f6ddeb19-8aa3-40f5-8b60-b2f404f13407___RS_Erly.B 7705,s3,0.8145,0.101,13.7333,0.8091,DIFFUSE
C30_fcbc5323-1679-416c-bb10-534e686f21bd___RS_Erly.B 7801_flipTB,s3,0.5035,0.2835,15.1273,0.6637,DIFFUSE
C31_189f8e47-0892-4c82-b0b9-7a51b6c83a04___RS_Late.B 7193,s3,0.4863,0.0032,15.3141,0.7482,DIFFUSE
C31_278c79c0-ebab-4c54-b573-d94a936e63e4___GHLB Leaf 2.3 Day 13,s3,0.6123,0.0045,13.7802,0.8404,DIFFUSE
C31_389ecffc-2ab0-4c7e-9f03-d6d4695d4f6a___RS_Late.B 5117,s3,0.2673,0.3668,15.2064,0.515,DIFFUSE
C31_4710d5cd-08f7-44ae-91c1-99204f1c135b___RS_Late.B 6132,s3,0.1373,0.288,14.5129,0.3252,DIFFUSE
C31_5a4428ec-59da-40e5-823c-2e5bbb2a1fb6___RS_Late.B 5461,s3,0.5556,0.2812,14.3533,0.5298,DIFFUSE
C31_6dbfb834-5654-4526-8014-2b33ef976892___RS_Late.B 6172_flipLR,s3,0.8139,0.2216,14.0594,0.8161,DIFFUSE
C31_6dbfc1ca-37e7-4768-8009-4394e97c6c03___GHLB2 Leaf 8838_flipLR,s3,0.9319,0.101,13.6893,0.9601,DIFFUSE
C31_7733f764-a68f-4221-ae43-c096f03ce5d3___RS_Late.B 5985,s3,0.7906,0.1384,14.2995,0.7733,DIFFUSE
C31_7a72c715-f797-41d0-b8eb-7c02f9cd5086___GHLB Leaf 23.3 Day 12_flipLR,s3,0.2521,0.303,14.7996,0.1658,DIFFUSE
C31_ba98d073-d05a-4dfd-ae35-3f1fda2c3110___RS_Late.B 4843,s3,0.6688,0.1011,14.722,0.7956,DIFFUSE
C31_c042e7e2-a583-4709-b944-830965256802___GHLB2 Leaf 110,s3,0.704,0.2245,14.1958,0.5245,DIFFUSE
C31_c3adf8f1-bab4-4130-ba60-0fe65e08d5a5___RS_Late.B 5079,s3,0.8213,0.1989,14.0978,0.879,DIFFUSE
C31_cb3bd866-dd84-4f7e-9226-b4a2a2c7f2ae___GH_HL Leaf 173.2,s3,0.3927,0.0045,15.1613,0.2614,DIFFUSE
C31_dd52a1b4-1d20-4417-96c9-48baac62f15b___RS_Late.B 5202,s3,0.4103,0.101,15.0423,0.2781,DIFFUSE
C31_edab4e30-5e08-4bf9-92eb-695d4472add6___RS_Late.B 5582,s3,0.6329,0.2245,14.5468,0.7766,DIFFUSE
C31_f2f22a54-7995-4b43-83bf-5a0fba777466___RS_Late.B 5583,s3,0.3241,0.288,15.0693,0.4095,DIFFUSE
C32_062842d6-a49e-4aec-94fb-d6868db0e53d___Crnl_L.Mold 8805,s3,0.2914,0.4072,15.1185,0.4555,DIFFUSE
C32_69468833-8b43-4e43-8ebf-b86adcaeee0d___Crnl_L.Mold 6880_180deg,s3,0.2605,0.4056,15.043,0.2045,DIFFUSE
C32_8be2ecaa-d9f8-454d-89c4-5b5489fbc2df___Crnl_L.Mold 7172,s3,0.4215,0.2259,14.0734,0.8527,DIFFUSE
C32_9332f136-9cb8-4b78-b6fa-507b03fc6d6a___Crnl_L.Mold 6764,s3,0.5469,0.303,14.7399,0.3224,DIFFUSE
C32_cc42f7f9-ecbf-4adf-b1df-1307218aac13___Crnl_L.Mold 8710,s3,0.2968,0.3642,15.3829,0.6082,DIFFUSE
C32_e379328a-4265-470a-978d-5020f59f4c1f___Crnl_L.Mold 6833_flipTB,s3,0.7595,0.0979,14.1973,0.5825,DIFFUSE
C32_e59a2933-7869-4e49-8ed5-1663ca5200d1___Crnl_L.Mold 6785_flipTB,s3,0.87,0.2259,13.8176,0.7496,DIFFUSE
C32_e8a0bcf7-b76f-495f-ad84-f29329bfa481___Crnl_L.Mold 6620_flipTB,s3,0.7193,0.2259,14.7702,0.8149,DIFFUSE
C33_18b450ff-ae57-4873-9c73-7ebef0b659cd___Matt.S_CG 0953,s3,0.3695,0.0032,14.8374,0.5906,DIFFUSE
C33_1a88e419-7d5c-45c7-a10f-4e1f80280cd2___Matt.S_CG 1584_180deg,s3,0.7468,0.1989,14.5179,0.6959,DIFFUSE
C33_3c27af36-d824-4251-97ca-0dc1f0c60d61___Matt.S_CG 7685_180deg,s3,0.4626,0.2245,14.8262,0.6812,DIFFUSE
C33_3f6c0ef0-068b-4566-a643-9a368d50bdc4___JR_Sept.L.S 8380_180deg,s3,0.6708,0.2216,14.6488,0.729,DIFFUSE
C33_5535ef29-cb2d-4a0d-a16c-d0c2ed296b3a___Matt.S_CG 0766,s3,0.7951,0.0979,14.4782,0.7931,DIFFUSE
C33_d3c59c88-195f-4aca-8311-a7c06fcf6c1b___Matt.S_CG 0969,s3,0.5797,0.101,14.7211,0.9872,DIFFUSE
C33_da1f93df-82fb-47a9-9582-d2dadb97a2a0___JR_Sept.L.S 2649,s3,0.0977,0.303,15.0234,0.9052,DIFFUSE
C34_2f577458-6085-4b56-9291-56a902c577d4___Com.G_SpM_FL 1466,s3,0.4246,0.2835,15.3248,0.4884,DIFFUSE
C34_4a3665bf-932d-4526-95a6-e491354df4ff___Com.G_SpM_FL 1541_180deg,s3,0.4704,0.2245,15.3478,0.4106,DIFFUSE
C34_4edd3dc5-09c7-465b-8596-03b6cd8ffa78___Com.G_SpM_FL 1441_180deg,s3,0.0944,0.5,13.8468,0.0224,DIFFUSE
C34_7167844e-1c41-4b6b-a6df-54729cc646bf___Com.G_SpM_FL 9317,s3,0.2252,0.4056,14.3295,0.2363,DIFFUSE
C34_7cbb0e2a-7b29-4f9d-9a1d-65e9f25a14fb___Com.G_SpM_FL 9548,s3,0.3364,0.0032,14.346,0.3198,DIFFUSE
C34_88edbc3c-7373-46fd-b08b-e99408ea58db___Com.G_SpM_FL 1569,s3,0.1191,0.3642,14.9181,0.1832,DIFFUSE
C34_90b28f76-c548-4b20-8421-fc0a6687f755___Com.G_SpM_FL 1756,s3,0.1834,0.366,15.2614,0.3434,DIFFUSE
C34_98916e40-9711-49d6-af8b-77c10be459e2___Com.G_SpM_FL 8551,s3,0.4091,0.2273,14.1184,0.4442,DIFFUSE
C35_0adf2e61-79af-4129-aae0-f41f73b1725f___Com.G_TgS_FL 8275_180deg,s3,0.5483,0.2231,14.5503,0.5701,DIFFUSE
C35_0c2bd887-092f-410d-ac56-9b96110665c8___Com.G_TgS_FL 8285_flipTB,s3,0.5567,0.2287,14.4474,0.7257,DIFFUSE
C35_1a8e252e-a75b-4d39-9dfb-e09434029183___Com.G_TgS_FL 0711_newPixel25,s3,0.6883,0.288,14.1758,0.427,DIFFUSE
C35_1c051bf2-9fb9-4d1f-b5c3-d813c0278aca___Com.G_TgS_FL 9683_flipTB,s3,0.5218,0.1451,14.5206,0.5774,DIFFUSE
C35_4a144d06-1caf-4e45-84f5-c4b5196ed52f___Com.G_TgS_FL 8167,s3,0.591,0.2857,13.9991,0.7022,DIFFUSE
C35_4ec88bab-c631-438f-84dd-1645e7312905___Com.G_TgS_FL 0683,s3,0.7913,0.101,14.4096,0.8557,DIFFUSE
C35_68055370-6691-48ef-b3e5-abbceed4149d___Com.G_TgS_FL 0639,s3,0.433,0.1042,15.0368,0.4323,DIFFUSE
C35_6bd21bee-4648-43fc-b481-dc4913a8c9be___Com.G_TgS_FL 0841,s3,0.3527,0.0979,15.2517,0.4491,DIFFUSE
C35_6c213594-9828-4c8e-ad0a-4e5cb6276f4b___Com.G_TgS_FL 7924_new30degFlipLR,s3,0.465,0.101,14.7391,0.5988,DIFFUSE
C35_76cefc70-6454-4dd0-bd4d-fddb3d129bed___Com.G_TgS_FL 1057,s3,0.2414,0.366,15.2987,0.5059,DIFFUSE
C35_7f99bf94-4d5f-467f-a409-3305a21736ec___Com.G_TgS_FL 0982,s3,0.5027,0.1384,14.7998,0.6255,DIFFUSE
C35_b3ce350d-9052-44d2-82cd-af671d1d4141___Com.G_TgS_FL 0772,s3,0.5528,0.2857,14.147,0.6849,DIFFUSE
C35_d2fbf6aa-07fb-4ae1-8e82-2980be399705___Com.G_TgS_FL 0767,s3,0.1067,0.4657,14.8252,0.4207,DIFFUSE
C35_ea1ab7b8-3490-4fb1-acc6-fc95b14f625a___Com.G_TgS_FL 0946,s3,0.4071,0.2231,14.9165,0.7137,DIFFUSE
C35_ed60a782-22dd-4aa6-b16e-494b75fd3174___Com.G_TgS_FL 9896,s3,0.5014,0.1429,14.9491,0.4722,DIFFUSE
C35_f7f90078-4728-4ee5-a383-0174afba2020___Com.G_TgS_FL 7894,s3,0.2659,0.202,15.0999,0.5493,DIFFUSE
C36_26085f4a-99f0-4c47-944b-5bfef02628b2___UF.GRC_YLCV_Lab 02937,s3,0.3964,0.2052,15.0062,0.4664,DIFFUSE
C36_41082437-2c12-4340-8d2e-02e967d0a2fa___YLCV_GCREC 2073,s3,0.6163,0.2231,14.8903,0.7979,DIFFUSE
C36_60834ba9-1f68-480f-95ae-5cc104065948___UF.GRC_YLCV_Lab 08568,s3,0.2529,0.2857,14.539,0.1803,DIFFUSE
C36_67905f2f-163a-4abf-8306-73ab9515af8c___YLCV_GCREC 2162,s3,0.489,0.2245,15.0824,0.6487,DIFFUSE
C36_88228c71-4e2e-4e58-8f57-d6c3f0dc1bb5___YLCV_GCREC 5410,s3,0.6221,0.101,15.1116,0.4629,DIFFUSE
C36_aca447c5-2284-4b01-854f-1147f24e085a___UF.GRC_YLCV_Lab 08579,s3,0.4261,0.0032,14.7543,0.5253,DIFFUSE
C36_b5649f53-c68d-4a01-9d5b-586645b61587___UF.GRC_YLCV_Lab 08572,s3,0.4557,0.2052,15.0041,0.5055,DIFFUSE
C36_b8d383dc-cc5e-4e95-8db8-281765b92ee1___YLCV_GCREC 5141,s3,0.5636,0.101,15.0014,0.7777,DIFFUSE
C36_de43da1d-a2c5-4840-b224-6bed63e56f51___YLCV_NREC 2635,s3,0.2234,0.2273,14.8916,0.8128,DIFFUSE
C36_f9690dd2-52b0-4020-82e0-ecd3580e3b87___YLCV_GCREC 2072,s3,0.4439,0.4056,13.8842,0.8024,DIFFUSE
C37_32a6609d-e858-4da0-a153-b59b4de976b7___PSU_CG 2061_newPixel25,s3,0.5823,0.202,14.8608,0.1942,DIFFUSE
C37_8a000704-8eda-40bd-b07d-d04634d4fe72___PSU_CG 2238_180deg,s3,0.8117,0.0979,14.5377,0.4925,DIFFUSE
C38_7de93009-6180-4027-8779-76947cda3e2f___2700323949_95aa2eaa01_o,s3,0.2231,0.3205,14.5695,0.2674,DIFFUSE
C3_3762c9a3-83db-44b7-88be-07c048ad293b___FREC_C.Rust 9945_newPixel25,s3,0.3774,0.101,15.0474,0.3074,DIFFUSE
C4_4ec6e6f9-7f03-44ca-9bd0-1f64b5964308___RS_HL 5669,s3,0.0359,0.4056,13.8137,0.7376,DIFFUSE
C4_ede0990f-ed5b-492b-9ecf-2f57027f2cd1___RS_HL 6319,s3,0.5263,0.1429,14.9651,0.2682,DIFFUSE
C6_9010117f-944e-4649-8610-5bd70d100f03___FREC_Pwd.M 4808,s3,0.6406,0.2287,14.162,0.6112,DIFFUSE
C8_1f23992c-3a9f-4ebb-a89f-6272ee23c7c4___RS_GLSp 4500 copy_270deg,s3,0.1828,0.3194,14.7101,0.9406,DIFFUSE
C8_1f23992c-3a9f-4ebb-a89f-6272ee23c7c4___RS_GLSp 4500 copy,s3,0.3022,0.202,15.2204,0.8219,DIFFUSE
C8_2162861c-60d9-4831-b922-362d70a47b92___RS_GLSp 4554,s3,0.614,0.1451,14.9638,0.9214,DIFFUSE
C8_6f69678a-a16a-417a-931b-49a22e810ed8___RS_GLSp 4679,s3,0.6632,0.1429,14.284,0.7646,DIFFUSE
C8_9103b8e5-919c-4d08-a282-25176874769c___RS_GLSp 4653,s3,0.3482,0.4056,15.0418,0.8698,DIFFUSE
C8_9ac3c670-7ccf-46a8-870c-c075a26374b0___RS_GLSp 9344,s3,0.5136,0.1011,15.1003,0.9093,DIFFUSE
C8_b2980d13-da6a-4475-bb60-abed664c5506___RS_GLSp 4678,s3,0.6333,0.2231,14.3513,0.8785,DIFFUSE
C8_ba462265-a5c8-4fa8-abb4-24054691eb16___RS_GLSp 3809_90deg,s3,0.5607,0.2231,14.2773,0.5286,DIFFUSE
C8_be07b9de-4629-49c1-bde7-e4c9b79c55ef___RS_GLSp 4495,s3,0.3403,0.303,14.5396,0.1655,DIFFUSE
C8_c29e2fb4-4bc4-4025-a29f-170a3477cd11___RS_GLSp 4317,s3,0.6641,0.1989,14.6346,0.9719,DIFFUSE
C8_c4bd1ca9-533e-4a74-a4d1-8d633ac76438___RS_GLSp 4318,s3,0.6389,0.2835,15.1096,0.8473,DIFFUSE
C8_c7c98f44-a2a9-4c74-9cff-b0d31e5e05b1___RS_GLSp 4503_270deg,s3,0.3365,0.202,15.2025,0.8469,DIFFUSE
C8_c7c98f44-a2a9-4c74-9cff-b0d31e5e05b1___RS_GLSp 4503,s3,0.3518,0.5,14.5561,0.5951,DIFFUSE
C8_d7a856cb-b30e-4c26-9814-ce6ca9a9f188___RS_GLSp 4676,s3,0.5961,0.1384,15.0508,0.9032,DIFFUSE
C8_eca81238-4c71-4982-a1a7-80c16852c299___RS_GLSp 4467 copy_90deg,s3,0.2552,0.3205,14.9868,0.7903,DIFFUSE
C8_fa0d690b-b3ae-4ddd-b09d-ca8608233a1a___RS_GLSp 4629,s3,0.353,0.366,15.0533,0.9654,DIFFUSE
C9_RS_Rust 1727_flipLR,s3,0.461,0.0979,15.1361,0.8123,DIFFUSE
C9_RS_Rust 2101_flipLR,s3,0.3865,0.4072,15.2364,0.9675,DIFFUSE
C9_RS_Rust 2146,s3,0.2958,0.2287,13.3085,0.9956,DIFFUSE
C9_RS_Rust 2384_flipLR,s3,0.3057,0.3536,13.8899,0.9635,DIFFUSE
C9_RS_Rust 2769_flipLR,s3,0.4289,0.2812,13.8734,0.999,DIFFUSE
C10_8f9ac1a8-f91f-4895-ba02-a2ff696fa43e___RS_NLB 3486,baseline,0.1869,0.5,14.5401,0.4567,DIFFUSE
C10_90dd4436-0614-4f6b-ad3b-b8db56ce4de8___RS_NLB  4673_180deg,baseline,0.5092,0.0032,14.5799,0.5921,DIFFUSE
C10_a0d31f49-895a-4921-afb7-a546f6589433___RS_NLB  4670 copy 2_flipTB,baseline,0.205,0.2287,14.7159,0.6204,DIFFUSE
C10_c4eb96b2-1345-46d0-a796-161042da21df___RS_NLB 0824 copy,baseline,0.355,0.202,15.3247,0.9827,DIFFUSE
C10_d3d7a5a3-ee3f-4654-8e90-8e722d433972___RS_NLB 3553,baseline,0.5301,0.1384,14.2807,0.8947,DIFFUSE
C10_e2d99dbe-c4ff-46d8-8e09-38a19f10d2b5___RS_NLB 3533 copy,baseline,0.2107,0.4088,14.558,0.884,DIFFUSE
C11_7ba505f3-b357-4e48-be7b-29ebaf50ef9b___R.S_HL 5526 copy 2_flipLR,baseline,0.1387,0.4657,14.3903,0.7821,DIFFUSE
C12_1f20a91e-f33c-4e38-937d-ee259477211e___FAM_B.Rot 5016,baseline,0.7294,0.1011,14.7248,0.8081,DIFFUSE
C12_1f20a91e-f33c-4e38-937d-ee259477211e___FAM_B.Rot 5016_flipLR,baseline,0.5897,0.2245,14.3955,0.686,DIFFUSE
C12_237405e4-4ba2-486f-b29f-ceed2a217a90___FAM_B.Rot 3225_flipLR,baseline,0.6997,0.2245,14.4389,0.8379,DIFFUSE
C12_554d21fb-757a-47b5-97af-22511dc8dff3___FAM_B.Rot 0647_flipLR,baseline,0.427,0.2259,15.2745,0.4247,DIFFUSE
C12_7994b175-d5f2-42a4-95e1-098e957766e6___FAM_B.Rot 0424_flipLR,baseline,0.545,0.2021,14.5679,0.6944,DIFFUSE
C12_8e972621-5e05-4b55-a371-80c1db805fff___FAM_B.Rot 0402,baseline,0.6609,0.2021,14.8787,0.6571,DIFFUSE
C12_d42dd1a5-4763-4d95-8de0-285dd4a7c0a9___FAM_B.Rot 0608,baseline,0.7381,0.1406,14.6663,0.8674,DIFFUSE
C12_fa7dafca-d9a3-4d58-aa56-da5feae6f6da___FAM_B.Rot 3312_flipLR,baseline,0.6632,0.1429,14.7024,0.884,DIFFUSE
C14_c4633d82-335e-4616-9610-9ec96e10ccbb___FAM_L.Blight 1530,baseline,0.2451,0.2857,14.4473,0.5914,DIFFUSE
C15_fabd2864-3431-4f44-b3bf-fa3af593fe05___Mt.N.V_HL 9002_180deg,baseline,0.6467,0.0979,14.9435,0.8377,DIFFUSE
C16_b139bee0-97bd-40ae-80f8-29e472e6b19c___CREC_HLB 7546,baseline,0.8367,0.101,14.4488,0.8931,DIFFUSE
C16_f0e9ab3f-1b18-4fb4-99ae-b251d8c72e25___CREC_HLB 7739,baseline,0.6518,0.1011,14.6063,0.9427,DIFFUSE
C17_c71d75ab-5e25-4c59-9a7c-fe915a6def88___Rut._Bact.S 0779,baseline,0.5268,0.1042,14.8355,0.868,DIFFUSE
C19_43aa27d3-3a37-4245-8b20-984512abfc6c___JR_B.Spot 3386,baseline,0.4091,0.2021,14.5657,0.8177,DIFFUSE
C19_9029703b-db1b-4227-bd29-ab05cc53b7ba___NREC_B.Spot 1802_180deg,baseline,0.5845,0.2052,14.9908,0.9184,DIFFUSE
C19_b9a94a36-2bdb-48a3-80eb-858a97ddba5b___JR_B.Spot 9080,baseline,0.2169,0.1011,15.0201,0.1374,DIFFUSE
C19_cc9a53f1-2279-4427-88e5-559c3975a7c4___NREC_B.Spot 1833,baseline,0.5849,0.2273,14.8929,0.8984,DIFFUSE
C1_1ceeeee0-40bd-4ac9-8a57-59385bf5df8a___FREC_Scab 3001,baseline,0.5238,0.1473,14.8589,0.9374,DIFFUSE
C1_c3d356bb-504c-48f7-b7aa-4feb5c009d6d___FREC_Scab 3383_90deg,baseline,0.5803,0.101,14.6396,0.8206,DIFFUSE
C20_1b09df7a-eb13-4192-b211-900898ab21b4___JR_HL 8533_newPixel25,baseline,0.5923,0.1011,15.0158,0.5709,DIFFUSE
C20_2c76bbee-0033-4186-bdc6-3f70092c4046___JR_HL 6000_newPixel25,baseline,0.2805,0.2259,14.8513,0.3888,DIFFUSE
C20_3306b49b-e3b3-4450-8609-ae44ab2b6593___bell-pepper-plant-61726,baseline,0.39,0.4088,15.3755,0.6986,DIFFUSE
C22_19323229-6fdc-4231-bd3e-a46ddcff2111___RS_LB 3196,baseline,0.4644,0.2231,14.9158,0.3391,DIFFUSE
C22_1b7342d7-5d89-4ee3-8b4f-587d79187511___RS_LB 4416,baseline,0.3732,0.2245,15.0944,0.6864,DIFFUSE
C22_420b4d84-d621-4a64-a8bd-30042f1a6609___RS_LB 2778,baseline,0.8148,0.0032,14.4445,0.915,DIFFUSE
C22_6be49d30-1b69-435a-a533-21b2b1a7fd41___RS_LB 3309,baseline,0.6507,0.1429,14.7576,0.7515,DIFFUSE
C22_aa58c1c8-82a1-4e68-9ecb-3cd47341d09b___RS_LB 4331_180deg,baseline,0.3578,0.2021,15.0176,0.7378,DIFFUSE
C22_b64e4518-147a-4a75-9f9b-33db8902aa12___RS_LB 3202,baseline,0.2957,0.2259,14.8003,0.2666,DIFFUSE
C22_c6ecc36c-1886-4d2d-89aa-0e9e9dc7ba32___RS_LB 4997_flipTB,baseline,0.328,0.2857,15.1638,0.5139,DIFFUSE
C22_e47b3a9a-24ea-460a-8a8f-4fc9814a072e___RS_LB 3314_flipTB,baseline,0.5569,0.101,15.0117,0.7002,DIFFUSE
C23_0f4ebc5a-d646-436a-919d-961342997cde___RS_HL 4183_flipLR,baseline,0.6298,0.2259,14.9604,0.9538,DIFFUSE
C23_111cd9d8-4d27-4225-be9e-d29b21cf56b9___RS_HL 5419,baseline,0.3823,0.1989,15.1337,0.5393,DIFFUSE
C23_111cd9d8-4d27-4225-be9e-d29b21cf56b9___RS_HL 5419_flipLR,baseline,0.2138,0.2902,15.021,0.3733,DIFFUSE
C23_1b434c52-7be4-40c4-90d5-13220f1a3eba___RS_HL 5418_flipTB,baseline,0.36,0.4056,15.2319,0.4448,DIFFUSE
C23_23f1ab77-d664-49c4-92eb-41eb66c6d101___RS_HL 4169,baseline,0.3679,0.2231,15.1039,0.6131,DIFFUSE
C23_762672f4-17e6-4fd6-84f1-3bcb091b3ca5___RS_HL 5417_newGGR,baseline,0.5865,0.1989,15.0827,0.7278,DIFFUSE
C23_b4031970-60ea-4739-9fed-6c81be1bad1c___RS_HL 1752_180deg,baseline,0.7671,0.1406,14.1946,0.9082,DIFFUSE
C23_c07db642-c675-4066-99b6-56bc8207fb37___RS_HL 4164_newGGR,baseline,0.6086,0.2216,14.4756,0.9329,DIFFUSE
C25_aec600ff-4d1d-4b12-bdd4-8f1515d99273___RS_HL 3440,baseline,0.4138,0.2259,14.7387,0.7116,DIFFUSE
C25_b4cf2330-e6cd-4b3b-aa3a-4936e38e0571___RS_HL 7287,baseline,0.5729,0.2231,14.8408,0.5155,DIFFUSE
C27_c813028f-add4-4591-832c-72163c6ff701___RS_L.Scorch 9962,baseline,0.4288,0.1989,14.9409,0.5746,DIFFUSE
C29_18f7004e-226b-42cc-bcaf-db9c47c5da65___UF.GRC_BS_Lab Leaf 9237,baseline,0.4177,0.0979,14.9458,0.4289,DIFFUSE
C29_3cd5b241-d5f1-4ae7-92ea-447613dac98a___GCREC_Bact.Sp 3561,baseline,0.6612,0.1429,14.803,0.8217,DIFFUSE
C29_459dc80c-b60d-4da1-9400-7e0803cb2432___UF.GRC_BS_Lab Leaf 0708,baseline,0.5079,0.1406,14.8545,0.5201,DIFFUSE
C29_470dc5c1-47be-4468-ab17-e378715807e2___GCREC_Bact.Sp 3697,baseline,0.7176,0.1429,14.1778,0.8434,DIFFUSE
C29_54672dba-a230-438b-a8a3-ce4b3b456254___GCREC_Bact.Sp 3562,baseline,0.471,0.1406,14.5526,0.7189,DIFFUSE
C29_ae92bca1-f5f0-4463-9459-97b61b826838___GCREC_Bact.Sp 3740,baseline,0.4525,0.202,14.8731,0.8803,DIFFUSE
C29_e818ebcc-f37e-41c7-beae-0cb76e113a36___UF.GRC_BS_Lab Leaf 8705,baseline,0.7673,0.0979,14.534,0.8279,DIFFUSE
C29_ffcf0c9e-f932-4836-b160-47277fbe124c___GCREC_Bact.Sp 3776,baseline,0.2507,0.2021,15.0564,0.8016,DIFFUSE
C30_06d0298e-18e5-4bf5-8d33-8feef6600f15___RS_Erly.B 7573,baseline,0.6559,0.101,14.7922,0.6892,DIFFUSE
C30_68f9f67d-e84a-4551-871c-7b56aab9defc___RS_Erly.B 7693,baseline,0.6461,0.1473,14.114,0.7709,DIFFUSE
C30_7763d482-8290-46f4-83aa-edb87ae15297___RS_Erly.B 7766_180deg,baseline,0.5161,0.1406,14.9488,0.8267,DIFFUSE
C30_d0b75b16-bdf9-4e9d-bac9-47bf98c6258a___RS_Erly.B 6416,baseline,0.3656,0.4056,15.0493,0.3661,DIFFUSE
C30_e31c2f10-8b8d-4aec-9bc7-764d2995ebec___RS_Erly.B 7398_flipTB,baseline,0.6178,0.1406,14.7016,0.4898,DIFFUSE
C30_ecafc299-bc29-4b5a-9a9b-537362b81ed2___RS_Erly.B 7435,baseline,0.6759,0.2216,14.9764,0.6084,DIFFUSE
C30_f6ddeb19-8aa3-40f5-8b60-b2f404f13407___RS_Erly.B 7705,baseline,0.7551,0.101,14.1681,0.6665,DIFFUSE
C30_fcbc5323-1679-416c-bb10-534e686f21bd___RS_Erly.B 7801_flipTB,baseline,0.2257,0.2857,15.0676,0.3349,DIFFUSE
C31_189f8e47-0892-4c82-b0b9-7a51b6c83a04___RS_Late.B 7193,baseline,0.4139,0.2021,14.9244,0.6515,DIFFUSE
C31_278c79c0-ebab-4c54-b573-d94a936e63e4___GHLB Leaf 2.3 Day 13,baseline,0.5071,0.2021,14.2636,0.7813,DIFFUSE
C31_389ecffc-2ab0-4c7e-9f03-d6d4695d4f6a___RS_Late.B 5117,baseline,0.4602,0.2245,13.8839,0.4795,DIFFUSE
C31_4710d5cd-08f7-44ae-91c1-99204f1c135b___RS_Late.B 6132,baseline,0.7591,0.1989,14.5049,0.8578,DIFFUSE
C31_5a4428ec-59da-40e5-823c-2e5bbb2a1fb6___RS_Late.B 5461,baseline,0.6991,0.1042,14.7742,0.6035,DIFFUSE
C31_6dbfb834-5654-4526-8014-2b33ef976892___RS_Late.B 6172_flipLR,baseline,0.1942,0.303,14.8045,0.6022,DIFFUSE
C31_6dbfc1ca-37e7-4768-8009-4394e97c6c03___GHLB2 Leaf 8838_flipLR,baseline,0.64,0.0032,14.6905,0.7788,DIFFUSE
C31_7733f764-a68f-4221-ae43-c096f03ce5d3___RS_Late.B 5985,baseline,0.2222,0.2245,15.0832,0.6005,DIFFUSE
C31_7a72c715-f797-41d0-b8eb-7c02f9cd5086___GHLB Leaf 23.3 Day 12_flipLR,baseline,0.2108,0.4657,15.0692,0.2726,DIFFUSE
C31_ba98d073-d05a-4dfd-ae35-3f1fda2c3110___RS_Late.B 4843,baseline,0.4323,0.5,14.5937,0.5284,DIFFUSE
C31_c042e7e2-a583-4709-b944-830965256802___GHLB2 Leaf 110,baseline,0.6055,0.101,14.8098,0.3763,DIFFUSE
C31_c3adf8f1-bab4-4130-ba60-0fe65e08d5a5___RS_Late.B 5079,baseline,0.5507,0.1011,14.9381,0.6476,DIFFUSE
C31_cb3bd866-dd84-4f7e-9226-b4a2a2c7f2ae___GH_HL Leaf 173.2,baseline,0.4124,0.0045,14.9467,0.2434,DIFFUSE
C31_dd52a1b4-1d20-4417-96c9-48baac62f15b___RS_Late.B 5202,baseline,0.3343,0.101,15.178,0.3403,DIFFUSE
C31_edab4e30-5e08-4bf9-92eb-695d4472add6___RS_Late.B 5582,baseline,0.6153,0.2259,14.8213,0.7623,DIFFUSE
C31_f2f22a54-7995-4b43-83bf-5a0fba777466___RS_Late.B 5583,baseline,0.5835,0.2231,14.8331,0.7543,DIFFUSE
C32_062842d6-a49e-4aec-94fb-d6868db0e53d___Crnl_L.Mold 8805,baseline,0.4096,0.4072,15.2649,0.5424,DIFFUSE
C32_69468833-8b43-4e43-8ebf-b86adcaeee0d___Crnl_L.Mold 6880_180deg,baseline,0.7458,0.202,14.0706,0.6516,DIFFUSE
C32_8be2ecaa-d9f8-454d-89c4-5b5489fbc2df___Crnl_L.Mold 7172,baseline,0.3608,0.2259,14.1929,0.8634,DIFFUSE
C32_9332f136-9cb8-4b78-b6fa-507b03fc6d6a___Crnl_L.Mold 6764,baseline,0.8066,0.0979,14.468,0.5818,DIFFUSE
C32_cc42f7f9-ecbf-4adf-b1df-1307218aac13___Crnl_L.Mold 8710,baseline,0.2541,0.3642,14.893,0.5493,DIFFUSE
C32_e379328a-4265-470a-978d-5020f59f4c1f___Crnl_L.Mold 6833_flipTB,baseline,0.7739,0.0032,14.1873,0.8277,DIFFUSE
C32_e59a2933-7869-4e49-8ed5-1663ca5200d1___Crnl_L.Mold 6785_flipTB,baseline,0.4058,0.2052,14.9007,0.2883,DIFFUSE
C32_e8a0bcf7-b76f-495f-ad84-f29329bfa481___Crnl_L.Mold 6620_flipTB,baseline,0.1603,0.3194,15.0598,0.7729,DIFFUSE
C33_18b450ff-ae57-4873-9c73-7ebef0b659cd___Matt.S_CG 0953,baseline,0.3107,0.1011,15.1981,0.6353,DIFFUSE
C33_1a88e419-7d5c-45c7-a10f-4e1f80280cd2___Matt.S_CG 1584_180deg,baseline,0.9069,0.0032,13.7109,0.9238,DIFFUSE
C33_3c27af36-d824-4251-97ca-0dc1f0c60d61___Matt.S_CG 7685_180deg,baseline,0.4305,0.3031,15.2043,0.4128,DIFFUSE
C33_3f6c0ef0-068b-4566-a643-9a368d50bdc4___JR_Sept.L.S 8380_180deg,baseline,0.6683,0.2216,14.2447,0.6826,DIFFUSE
C33_5535ef29-cb2d-4a0d-a16c-d0c2ed296b3a___Matt.S_CG 0766,baseline,0.8149,0.0979,13.9158,0.908,DIFFUSE
C33_d3c59c88-195f-4aca-8311-a7c06fcf6c1b___Matt.S_CG 0969,baseline,0.1867,0.4657,14.9377,0.9823,DIFFUSE
C33_da1f93df-82fb-47a9-9582-d2dadb97a2a0___JR_Sept.L.S 2649,baseline,0.1555,0.4657,15.1641,0.8551,DIFFUSE
C34_2f577458-6085-4b56-9291-56a902c577d4___Com.G_SpM_FL 1466,baseline,0.6831,0.0979,15.0285,0.6931,DIFFUSE
C34_4a3665bf-932d-4526-95a6-e491354df4ff___Com.G_SpM_FL 1541_180deg,baseline,0.7643,0.1429,14.0773,0.6438,DIFFUSE
C34_4edd3dc5-09c7-465b-8596-03b6cd8ffa78___Com.G_SpM_FL 1441_180deg,baseline,0.3464,0.2231,15.0229,0.2327,DIFFUSE
C34_7167844e-1c41-4b6b-a6df-54729cc646bf___Com.G_SpM_FL 9317,baseline,0.4433,0.1406,15.2637,0.424,DIFFUSE
C34_7cbb0e2a-7b29-4f9d-9a1d-65e9f25a14fb___Com.G_SpM_FL 9548,baseline,0.3527,0.1451,14.9788,0.3873,DIFFUSE
C34_88edbc3c-7373-46fd-b08b-e99408ea58db___Com.G_SpM_FL 1569,baseline,0.1166,0.4657,15.0661,0.1683,DIFFUSE
C34_90b28f76-c548-4b20-8421-fc0a6687f755___Com.G_SpM_FL 1756,baseline,0.1907,0.4657,15.4041,0.3539,DIFFUSE
C34_98916e40-9711-49d6-af8b-77c10be459e2___Com.G_SpM_FL 8551,baseline,0.5272,0.1384,15.3058,0.5882,DIFFUSE
C35_0adf2e61-79af-4129-aae0-f41f73b1725f___Com.G_TgS_FL 8275_180deg,baseline,0.1307,0.4657,15.0679,0.543,DIFFUSE
C35_0c2bd887-092f-410d-ac56-9b96110665c8___Com.G_TgS_FL 8285_flipTB,baseline,0.0894,0.4072,14.8902,0.4273,DIFFUSE
C35_1a8e252e-a75b-4d39-9dfb-e09434029183___Com.G_TgS_FL 0711_newPixel25,baseline,0.3279,0.2245,15.3066,0.2296,DIFFUSE
C35_1c051bf2-9fb9-4d1f-b5c3-d813c0278aca___Com.G_TgS_FL 9683_flipTB,baseline,0.4111,0.2231,15.2313,0.4305,DIFFUSE
C35_4a144d06-1caf-4e45-84f5-c4b5196ed52f___Com.G_TgS_FL 8167,baseline,0.6171,0.1406,14.7398,0.6674,DIFFUSE
C35_4ec88bab-c631-438f-84dd-1645e7312905___Com.G_TgS_FL 0683,baseline,0.2866,0.4088,15.3203,0.429,DIFFUSE
C35_68055370-6691-48ef-b3e5-abbceed4149d___Com.G_TgS_FL 0639,baseline,0.4423,0.1042,15.3172,0.4505,DIFFUSE
C35_6bd21bee-4648-43fc-b481-dc4913a8c9be___Com.G_TgS_FL 0841,baseline,0.202,0.4657,15.0923,0.3189,DIFFUSE
C35_6c213594-9828-4c8e-ad0a-4e5cb6276f4b___Com.G_TgS_FL 7924_new30degFlipLR,baseline,0.8207,0.101,14.4282,0.9068,DIFFUSE
C35_76cefc70-6454-4dd0-bd4d-fddb3d129bed___Com.G_TgS_FL 1057,baseline,0.1355,0.4657,15.1987,0.4802,DIFFUSE
C35_7f99bf94-4d5f-467f-a409-3305a21736ec___Com.G_TgS_FL 0982,baseline,0.4013,0.5,14.7215,0.4584,DIFFUSE
C35_b3ce350d-9052-44d2-82cd-af671d1d4141___Com.G_TgS_FL 0772,baseline,0.5378,0.2245,14.9719,0.5905,DIFFUSE
C35_d2fbf6aa-07fb-4ae1-8e82-2980be399705___Com.G_TgS_FL 0767,baseline,0.0932,0.4657,14.9062,0.4225,DIFFUSE
C35_ea1ab7b8-3490-4fb1-acc6-fc95b14f625a___Com.G_TgS_FL 0946,baseline,0.5818,0.101,15.0271,0.7998,DIFFUSE
C35_ed60a782-22dd-4aa6-b16e-494b75fd3174___Com.G_TgS_FL 9896,baseline,0.3319,0.202,15.1309,0.2655,DIFFUSE
C35_f7f90078-4728-4ee5-a383-0174afba2020___Com.G_TgS_FL 7894,baseline,0.7521,0.2021,14.3405,0.8176,DIFFUSE
C36_26085f4a-99f0-4c47-944b-5bfef02628b2___UF.GRC_YLCV_Lab 02937,baseline,0.5759,0.1429,15.1649,0.6243,DIFFUSE
C36_41082437-2c12-4340-8d2e-02e967d0a2fa___YLCV_GCREC 2073,baseline,0.732,0.101,14.4245,0.8135,DIFFUSE
C36_60834ba9-1f68-480f-95ae-5cc104065948___UF.GRC_YLCV_Lab 08568,baseline,0.627,0.2216,14.9764,0.7515,DIFFUSE
C36_67905f2f-163a-4abf-8306-73ab9515af8c___YLCV_GCREC 2162,baseline,0.534,0.101,14.8766,0.6433,DIFFUSE
C36_88228c71-4e2e-4e58-8f57-d6c3f0dc1bb5___YLCV_GCREC 5410,baseline,0.7745,0.1011,14.4806,0.552,DIFFUSE
C36_aca447c5-2284-4b01-854f-1147f24e085a___UF.GRC_YLCV_Lab 08579,baseline,0.4136,0.0032,14.3844,0.4713,DIFFUSE
C36_b5649f53-c68d-4a01-9d5b-586645b61587___UF.GRC_YLCV_Lab 08572,baseline,0.558,0.1429,15.1557,0.5678,DIFFUSE
C36_b8d383dc-cc5e-4e95-8db8-281765b92ee1___YLCV_GCREC 5141,baseline,0.705,0.2245,14.347,0.8392,DIFFUSE
C36_de43da1d-a2c5-4840-b224-6bed63e56f51___YLCV_NREC 2635,baseline,0.171,0.2857,14.9946,0.8337,DIFFUSE
C36_f9690dd2-52b0-4020-82e0-ecd3580e3b87___YLCV_GCREC 2072,baseline,0.1234,0.2287,14.5352,0.7605,DIFFUSE
C37_32a6609d-e858-4da0-a153-b59b4de976b7___PSU_CG 2061_newPixel25,baseline,0.9148,0.1011,13.9671,0.4608,DIFFUSE
C37_8a000704-8eda-40bd-b07d-d04634d4fe72___PSU_CG 2238_180deg,baseline,0.1719,0.2857,15.2263,0.0956,DIFFUSE
C38_7de93009-6180-4027-8779-76947cda3e2f___2700323949_95aa2eaa01_o,baseline,0.5442,0.4088,14.5076,0.6144,DIFFUSE
C3_3762c9a3-83db-44b7-88be-07c048ad293b___FREC_C.Rust 9945_newPixel25,baseline,0.3838,0.202,15.2191,0.323,DIFFUSE
C4_4ec6e6f9-7f03-44ca-9bd0-1f64b5964308___RS_HL 5669,baseline,0.2094,0.4072,15.1126,0.6031,DIFFUSE
C4_ede0990f-ed5b-492b-9ecf-2f57027f2cd1___RS_HL 6319,baseline,0.8773,0.2245,13.8222,0.6916,DIFFUSE
C6_9010117f-944e-4649-8610-5bd70d100f03___FREC_Pwd.M 4808,baseline,0.3781,0.4286,15.3601,0.3481,DIFFUSE
C8_1f23992c-3a9f-4ebb-a89f-6272ee23c7c4___RS_GLSp 4500 copy_270deg,baseline,0.3547,0.2021,15.2538,0.9329,DIFFUSE
C8_1f23992c-3a9f-4ebb-a89f-6272ee23c7c4___RS_GLSp 4500 copy,baseline,0.3076,0.2857,15.2456,0.8659,DIFFUSE
C8_2162861c-60d9-4831-b922-362d70a47b92___RS_GLSp 4554,baseline,0.4177,0.1451,15.101,0.7077,DIFFUSE
C8_6f69678a-a16a-417a-931b-49a22e810ed8___RS_GLSp 4679,baseline,0.4341,0.2245,14.9711,0.5716,DIFFUSE
C8_9103b8e5-919c-4d08-a282-25176874769c___RS_GLSp 4653,baseline,0.4029,0.4056,14.9877,0.9236,DIFFUSE
C8_9ac3c670-7ccf-46a8-870c-c075a26374b0___RS_GLSp 9344,baseline,0.4312,0.2301,14.91,0.8995,DIFFUSE
C8_b2980d13-da6a-4475-bb60-abed664c5506___RS_GLSp 4678,baseline,0.4217,0.2273,14.356,0.5464,DIFFUSE
C8_ba462265-a5c8-4fa8-abb4-24054691eb16___RS_GLSp 3809_90deg,baseline,0.3417,0.2216,15.1614,0.1407,DIFFUSE
C8_be07b9de-4629-49c1-bde7-e4c9b79c55ef___RS_GLSp 4495,baseline,0.279,0.3677,14.8408,0.9096,DIFFUSE
C8_c29e2fb4-4bc4-4025-a29f-170a3477cd11___RS_GLSp 4317,baseline,0.5898,0.1011,14.9919,0.8901,DIFFUSE
C8_c4bd1ca9-533e-4a74-a4d1-8d633ac76438___RS_GLSp 4318,baseline,0.5234,0.2835,15.2308,0.8632,DIFFUSE
C8_c7c98f44-a2a9-4c74-9cff-b0d31e5e05b1___RS_GLSp 4503_270deg,baseline,0.2773,0.3185,15.208,0.871,DIFFUSE
C8_c7c98f44-a2a9-4c74-9cff-b0d31e5e05b1___RS_GLSp 4503,baseline,0.3595,0.2857,15.1469,0.9133,DIFFUSE
C8_d7a856cb-b30e-4c26-9814-ce6ca9a9f188___RS_GLSp 4676,baseline,0.2178,0.4056,14.774,0.4604,DIFFUSE
C8_eca81238-4c71-4982-a1a7-80c16852c299___RS_GLSp 4467 copy_90deg,baseline,0.3566,0.3536,15.1471,0.9091,DIFFUSE
C8_fa0d690b-b3ae-4ddd-b09d-ca8608233a1a___RS_GLSp 4629,baseline,0.3599,0.2052,15.0384,0.966,DIFFUSE
C9_RS_Rust 1727_flipLR,baseline,0.4315,0.3642,15.4023,0.8449,DIFFUSE
C9_RS_Rust 2101_flipLR,baseline,0.3846,0.303,15.5563,0.9449,DIFFUSE
C9_RS_Rust 2146,baseline,0.5996,0.1042,15.0904,0.9934,DIFFUSE
C9_RS_Rust 2384_flipLR,baseline,0.4218,0.4056,15.3011,0.8969,DIFFUSE
C9_RS_Rust 2769_flipLR,baseline,0.642,0.2245,14.6775,0.9379,DIFFUSE
