sample_id,path,y_true,y_true_code,y_true_name,y_pred_s3,y_pred_s3_code,conf_s3,category,ref_class,ref_code,is_focus,rank_key
C8_c4bd1ca9-533e-4a74-a4d1-8d633ac76438___RS_GLSp 4318,new_pv_local/test/Corn_(maize)___Cercospora_leaf_spot Gray_leaf_spot/c4bd1ca9-533e-4a74-a4d1-8d633ac76438___RS_GLSp 4318.JPG,7,C8,Corn_(maize)___Cercospora_leaf_spot_Gray_leaf_spot,9,C10,0.9997738003730774,FN,7,C8,True,-0.9997738003730774
C8_eca81238-4c71-4982-a1a7-80c16852c299___RS_GLSp 4467 copy_90deg,new_pv_local/test/Corn_(maize)___Cercospora_leaf_spot Gray_leaf_spot/eca81238-4c71-4982-a1a7-80c16852c299___RS_GLSp 4467 copy_90deg.jpg,7,C8,Corn_(maize)___Cercospora_leaf_spot_Gray_leaf_spot,37,C38,0.9844207167625427,FN,7,C8,True,-0.9844207167625427
C8_6f69678a-a16a-417a-931b-49a22e810ed8___RS_GLSp 4679,new_pv_local/test/Corn_(maize)___Cercospora_leaf_spot Gray_leaf_spot/6f69678a-a16a-417a-931b-49a22e810ed8___RS_GLSp 4679.JPG,7,C8,Corn_(maize)___Cercospora_leaf_spot_Gray_leaf_spot,9,C10,0.9832285642623901,FN,7,C8,True,-0.9832285642623901
C8_b2980d13-da6a-4475-bb60-abed664c5506___RS_GLSp 4678,new_pv_local/test/Corn_(maize)___Cercospora_leaf_spot Gray_leaf_spot/b2980d13-da6a-4475-bb60-abed664c5506___RS_GLSp 4678.JPG,7,C8,Corn_(maize)___Cercospora_leaf_spot_Gray_leaf_spot,9,C10,0.9550918340682983,FN,7,C8,True,-0.9550918340682983
C8_c7c98f44-a2a9-4c74-9cff-b0d31e5e05b1___RS_GLSp 4503,new_pv_local/test/Corn_(maize)___Cercospora_leaf_spot Gray_leaf_spot/c7c98f44-a2a9-4c74-9cff-b0d31e5e05b1___RS_GLSp 4503.JPG,7,C8,Corn_(maize)___Cercospora_leaf_spot_Gray_leaf_spot,9,C10,0.9521364569664001,FN,7,C8,True,-0.9521364569664001
C8_2162861c-60d9-4831-b922-362d70a47b92___RS_GLSp 4554,new_pv_local/test/Corn_(maize)___Cercospora_leaf_spot Gray_leaf_spot/2162861c-60d9-4831-b922-362d70a47b92___RS_GLSp 4554.JPG,7,C8,Corn_(maize)___Cercospora_leaf_spot_Gray_leaf_spot,9,C10,0.938470721244812,FN,7,C8,True,-0.938470721244812
C8_be07b9de-4629-49c1-bde7-e4c9b79c55ef___RS_GLSp 4495,new_pv_local/test/Corn_(maize)___Cercospora_leaf_spot Gray_leaf_spot/be07b9de-4629-49c1-bde7-e4c9b79c55ef___RS_GLSp 4495.JPG,7,C8,Corn_(maize)___Cercospora_leaf_spot_Gray_leaf_spot,9,C10,0.9243531823158264,FN,7,C8,True,-0.9243531823158264
C8_c29e2fb4-4bc4-4025-a29f-170a3477cd11___RS_GLSp 4317,new_pv_local/test/Corn_(maize)___Cercospora_leaf_spot Gray_leaf_spot/c29e2fb4-4bc4-4025-a29f-170a3477cd11___RS_GLSp 4317.JPG,7,C8,Corn_(maize)___Cercospora_leaf_spot_Gray_leaf_spot,9,C10,0.9198253750801086,FN,7,C8,True,-0.9198253750801086
C9_RS_Rust 1727_flipLR,new_pv_local/test/Corn_(maize)___Common_rust_/RS_Rust 1727_flipLR.JPG,8,C9,Corn_(maize)___Common_rust_,7,C8,0.9895259141921997,FP_INTO_HARD,7,C8,True,-0.9895259141921997
C9_RS_Rust 2101_flipLR,new_pv_local/test/Corn_(maize)___Common_rust_/RS_Rust 2101_flipLR.JPG,8,C9,Corn_(maize)___Common_rust_,7,C8,0.804738461971283,FP_INTO_HARD,7,C8,True,-0.804738461971283
C11_7ba505f3-b357-4e48-be7b-29ebaf50ef9b___R.S_HL 5526 copy 2_flipLR,new_pv_local/test/Corn_(maize)___healthy/7ba505f3-b357-4e48-be7b-29ebaf50ef9b___R.S_HL 5526 copy 2_flipLR.jpg,10,C11,Corn_(maize)___healthy,7,C8,0.7242469191551208,FP_INTO_HARD,7,C8,True,-0.7242469191551208
C20_3306b49b-e3b3-4450-8609-ae44ab2b6593___bell-pepper-plant-61726,"new_pv_local/test/Pepper,_bell___healthy/3306b49b-e3b3-4450-8609-ae44ab2b6593___bell-pepper-plant-61726.jpg",19,C20,"Pepper,_bell___healthy",7,C8,0.5113725662231445,FP_INTO_HARD,7,C8,True,-0.5113725662231445
C8_1f23992c-3a9f-4ebb-a89f-6272ee23c7c4___RS_GLSp 4500 copy,new_pv_local/test/Corn_(maize)___Cercospora_leaf_spot Gray_leaf_spot/1f23992c-3a9f-4ebb-a89f-6272ee23c7c4___RS_GLSp 4500 copy.jpg,7,C8,Corn_(maize)___Cercospora_leaf_spot_Gray_leaf_spot,7,C8,0.5319681167602539,TP_LOWCONF,7,C8,True,0.5319681167602539
C8_c7c98f44-a2a9-4c74-9cff-b0d31e5e05b1___RS_GLSp 4503_270deg,new_pv_local/test/Corn_(maize)___Cercospora_leaf_spot Gray_leaf_spot/c7c98f44-a2a9-4c74-9cff-b0d31e5e05b1___RS_GLSp 4503_270deg.JPG,7,C8,Corn_(maize)___Cercospora_leaf_spot_Gray_leaf_spot,7,C8,0.6284621953964233,TP_LOWCONF,7,C8,True,0.6284621953964233
C8_d7a856cb-b30e-4c26-9814-ce6ca9a9f188___RS_GLSp 4676,new_pv_local/test/Corn_(maize)___Cercospora_leaf_spot Gray_leaf_spot/d7a856cb-b30e-4c26-9814-ce6ca9a9f188___RS_GLSp 4676.JPG,7,C8,Corn_(maize)___Cercospora_leaf_spot_Gray_leaf_spot,7,C8,0.6860763430595398,TP_LOWCONF,7,C8,True,0.6860763430595398
C8_9ac3c670-7ccf-46a8-870c-c075a26374b0___RS_GLSp 9344,new_pv_local/test/Corn_(maize)___Cercospora_leaf_spot Gray_leaf_spot/9ac3c670-7ccf-46a8-870c-c075a26374b0___RS_GLSp 9344.JPG,7,C8,Corn_(maize)___Cercospora_leaf_spot_Gray_leaf_spot,7,C8,0.7281236052513123,TP_LOWCONF,7,C8,True,0.7281236052513123
C8_ba462265-a5c8-4fa8-abb4-24054691eb16___RS_GLSp 3809_90deg,new_pv_local/test/Corn_(maize)___Cercospora_leaf_spot Gray_leaf_spot/ba462265-a5c8-4fa8-abb4-24054691eb16___RS_GLSp 3809_90deg.JPG,7,C8,Corn_(maize)___Cercospora_leaf_spot_Gray_leaf_spot,7,C8,0.7288290858268738,TP_LOWCONF,7,C8,True,0.7288290858268738
C8_9103b8e5-919c-4d08-a282-25176874769c___RS_GLSp 4653,new_pv_local/test/Corn_(maize)___Cercospora_leaf_spot Gray_leaf_spot/9103b8e5-919c-4d08-a282-25176874769c___RS_GLSp 4653.JPG,7,C8,Corn_(maize)___Cercospora_leaf_spot_Gray_leaf_spot,7,C8,0.7353284358978271,TP_LOWCONF,7,C8,True,0.7353284358978271
C8_1f23992c-3a9f-4ebb-a89f-6272ee23c7c4___RS_GLSp 4500 copy_270deg,new_pv_local/test/Corn_(maize)___Cercospora_leaf_spot Gray_leaf_spot/1f23992c-3a9f-4ebb-a89f-6272ee23c7c4___RS_GLSp 4500 copy_270deg.jpg,7,C8,Corn_(maize)___Cercospora_leaf_spot_Gray_leaf_spot,7,C8,0.770807147026062,TP_LOWCONF,7,C8,True,0.770807147026062
C8_fa0d690b-b3ae-4ddd-b09d-ca8608233a1a___RS_GLSp 4629,new_pv_local/test/Corn_(maize)___Cercospora_leaf_spot Gray_leaf_spot/fa0d690b-b3ae-4ddd-b09d-ca8608233a1a___RS_GLSp 4629.JPG,7,C8,Corn_(maize)___Cercospora_leaf_spot_Gray_leaf_spot,7,C8,0.7815436124801636,TP_LOWCONF,7,C8,True,0.7815436124801636
C10_c4eb96b2-1345-46d0-a796-161042da21df___RS_NLB 0824 copy,new_pv_local/test/Corn_(maize)___Northern_Leaf_Blight/c4eb96b2-1345-46d0-a796-161042da21df___RS_NLB 0824 copy.jpg,9,C10,Corn_(maize)___Northern_Leaf_Blight,7,C8,0.9491040706634521,FN,9,C10,False,-0.9491040706634521
C10_90dd4436-0614-4f6b-ad3b-b8db56ce4de8___RS_NLB  4673_180deg,new_pv_local/test/Corn_(maize)___Northern_Leaf_Blight/90dd4436-0614-4f6b-ad3b-b8db56ce4de8___RS_NLB  4673_180deg.JPG,9,C10,Corn_(maize)___Northern_Leaf_Blight,7,C8,0.7534663081169128,FN,9,C10,False,-0.7534663081169128
C9_RS_Rust 2769_flipLR,new_pv_local/test/Corn_(maize)___Common_rust_/RS_Rust 2769_flipLR.JPG,8,C9,Corn_(maize)___Common_rust_,9,C10,0.8623252511024475,FP_INTO_HARD,9,C10,False,-0.8623252511024475
C9_RS_Rust 2146,new_pv_local/test/Corn_(maize)___Common_rust_/RS_Rust 2146.JPG,8,C9,Corn_(maize)___Common_rust_,9,C10,0.7459505200386047,FP_INTO_HARD,9,C10,False,-0.7459505200386047
C9_RS_Rust 2384_flipLR,new_pv_local/test/Corn_(maize)___Common_rust_/RS_Rust 2384_flipLR.JPG,8,C9,Corn_(maize)___Common_rust_,9,C10,0.4985395073890686,FP_INTO_HARD,9,C10,False,-0.4985395073890686
C10_8f9ac1a8-f91f-4895-ba02-a2ff696fa43e___RS_NLB 3486,new_pv_local/test/Corn_(maize)___Northern_Leaf_Blight/8f9ac1a8-f91f-4895-ba02-a2ff696fa43e___RS_NLB 3486.JPG,9,C10,Corn_(maize)___Northern_Leaf_Blight,9,C10,0.5756151080131531,TP_LOWCONF,9,C10,False,0.5756151080131531
C10_d3d7a5a3-ee3f-4654-8e90-8e722d433972___RS_NLB 3553,new_pv_local/test/Corn_(maize)___Northern_Leaf_Blight/d3d7a5a3-ee3f-4654-8e90-8e722d433972___RS_NLB 3553.JPG,9,C10,Corn_(maize)___Northern_Leaf_Blight,9,C10,0.5916217565536499,TP_LOWCONF,9,C10,False,0.5916217565536499
C10_a0d31f49-895a-4921-afb7-a546f6589433___RS_NLB  4670 copy 2_flipTB,new_pv_local/test/Corn_(maize)___Northern_Leaf_Blight/a0d31f49-895a-4921-afb7-a546f6589433___RS_NLB  4670 copy 2_flipTB.jpg,9,C10,Corn_(maize)___Northern_Leaf_Blight,9,C10,0.635570228099823,TP_LOWCONF,9,C10,False,0.635570228099823
C10_e2d99dbe-c4ff-46d8-8e09-38a19f10d2b5___RS_NLB 3533 copy,new_pv_local/test/Corn_(maize)___Northern_Leaf_Blight/e2d99dbe-c4ff-46d8-8e09-38a19f10d2b5___RS_NLB 3533 copy.jpg,9,C10,Corn_(maize)___Northern_Leaf_Blight,9,C10,0.6515670418739319,TP_LOWCONF,9,C10,False,0.6515670418739319
C12_8e972621-5e05-4b55-a371-80c1db805fff___FAM_B.Rot 0402,new_pv_local/test/Grape___Black_rot/8e972621-5e05-4b55-a371-80c1db805fff___FAM_B.Rot 0402.JPG,11,C12,Grape___Black_rot,12,C13,0.9999128580093384,FN,11,C12,False,-0.9999128580093384
C12_1f20a91e-f33c-4e38-937d-ee259477211e___FAM_B.Rot 5016_flipLR,new_pv_local/test/Grape___Black_rot/1f20a91e-f33c-4e38-937d-ee259477211e___FAM_B.Rot 5016_flipLR.JPG,11,C12,Grape___Black_rot,12,C13,0.9990224838256836,FN,11,C12,False,-0.9990224838256836
C12_1f20a91e-f33c-4e38-937d-ee259477211e___FAM_B.Rot 5016,new_pv_local/test/Grape___Black_rot/1f20a91e-f33c-4e38-937d-ee259477211e___FAM_B.Rot 5016.JPG,11,C12,Grape___Black_rot,12,C13,0.99750155210495,FN,11,C12,False,-0.99750155210495
C12_554d21fb-757a-47b5-97af-22511dc8dff3___FAM_B.Rot 0647_flipLR,new_pv_local/test/Grape___Black_rot/554d21fb-757a-47b5-97af-22511dc8dff3___FAM_B.Rot 0647_flipLR.JPG,11,C12,Grape___Black_rot,12,C13,0.9758756756782532,FN,11,C12,False,-0.9758756756782532
C14_c4633d82-335e-4616-9610-9ec96e10ccbb___FAM_L.Blight 1530,new_pv_local/test/Grape___Leaf_blight_(Isariopsis_Leaf_Spot)/c4633d82-335e-4616-9610-9ec96e10ccbb___FAM_L.Blight 1530.JPG,13,C14,Grape___Leaf_blight_(Isariopsis_Leaf_Spot),11,C12,0.8339266180992126,FP_INTO_HARD,11,C12,False,-0.8339266180992126
C1_c3d356bb-504c-48f7-b7aa-4feb5c009d6d___FREC_Scab 3383_90deg,new_pv_local/test/Apple___Apple_scab/c3d356bb-504c-48f7-b7aa-4feb5c009d6d___FREC_Scab 3383_90deg.JPG,0,C1,Apple___Apple_scab,11,C12,0.48590266704559326,FP_INTO_HARD,11,C12,False,-0.48590266704559326
C12_7994b175-d5f2-42a4-95e1-098e957766e6___FAM_B.Rot 0424_flipLR,new_pv_local/test/Grape___Black_rot/7994b175-d5f2-42a4-95e1-098e957766e6___FAM_B.Rot 0424_flipLR.JPG,11,C12,Grape___Black_rot,11,C12,0.48704200983047485,TP_LOWCONF,11,C12,False,0.48704200983047485
C12_237405e4-4ba2-486f-b29f-ceed2a217a90___FAM_B.Rot 3225_flipLR,new_pv_local/test/Grape___Black_rot/237405e4-4ba2-486f-b29f-ceed2a217a90___FAM_B.Rot 3225_flipLR.JPG,11,C12,Grape___Black_rot,11,C12,0.5980386734008789,TP_LOWCONF,11,C12,False,0.5980386734008789
C12_fa7dafca-d9a3-4d58-aa56-da5feae6f6da___FAM_B.Rot 3312_flipLR,new_pv_local/test/Grape___Black_rot/fa7dafca-d9a3-4d58-aa56-da5feae6f6da___FAM_B.Rot 3312_flipLR.JPG,11,C12,Grape___Black_rot,11,C12,0.6381397843360901,TP_LOWCONF,11,C12,False,0.6381397843360901
C12_d42dd1a5-4763-4d95-8de0-285dd4a7c0a9___FAM_B.Rot 0608,new_pv_local/test/Grape___Black_rot/d42dd1a5-4763-4d95-8de0-285dd4a7c0a9___FAM_B.Rot 0608.JPG,11,C12,Grape___Black_rot,11,C12,0.7060003280639648,TP_LOWCONF,11,C12,False,0.7060003280639648
C22_19323229-6fdc-4231-bd3e-a46ddcff2111___RS_LB 3196,new_pv_local/test/Potato___Late_blight/19323229-6fdc-4231-bd3e-a46ddcff2111___RS_LB 3196.JPG,21,C22,Potato___Late_blight,30,C31,0.9511114358901978,FN,21,C22,False,-0.9511114358901978
C22_c6ecc36c-1886-4d2d-89aa-0e9e9dc7ba32___RS_LB 4997_flipTB,new_pv_local/test/Potato___Late_blight/c6ecc36c-1886-4d2d-89aa-0e9e9dc7ba32___RS_LB 4997_flipTB.JPG,21,C22,Potato___Late_blight,20,C21,0.9194430112838745,FN,21,C22,False,-0.9194430112838745
C22_b64e4518-147a-4a75-9f9b-33db8902aa12___RS_LB 3202,new_pv_local/test/Potato___Late_blight/b64e4518-147a-4a75-9f9b-33db8902aa12___RS_LB 3202.JPG,21,C22,Potato___Late_blight,30,C31,0.8090261220932007,FN,21,C22,False,-0.8090261220932007
C22_aa58c1c8-82a1-4e68-9ecb-3cd47341d09b___RS_LB 4331_180deg,new_pv_local/test/Potato___Late_blight/aa58c1c8-82a1-4e68-9ecb-3cd47341d09b___RS_LB 4331_180deg.JPG,21,C22,Potato___Late_blight,30,C31,0.7547547221183777,FN,21,C22,False,-0.7547547221183777
C16_b139bee0-97bd-40ae-80f8-29e472e6b19c___CREC_HLB 7546,new_pv_local/test/Orange___Haunglongbing_(Citrus_greening)/b139bee0-97bd-40ae-80f8-29e472e6b19c___CREC_HLB 7546.JPG,15,C16,Orange___Haunglongbing_(Citrus_greening),21,C22,0.7428715229034424,FP_INTO_HARD,21,C22,False,-0.7428715229034424
C22_e47b3a9a-24ea-460a-8a8f-4fc9814a072e___RS_LB 3314_flipTB,new_pv_local/test/Potato___Late_blight/e47b3a9a-24ea-460a-8a8f-4fc9814a072e___RS_LB 3314_flipTB.JPG,21,C22,Potato___Late_blight,21,C22,0.39339733123779297,TP_LOWCONF,21,C22,False,0.39339733123779297
C22_420b4d84-d621-4a64-a8bd-30042f1a6609___RS_LB 2778,new_pv_local/test/Potato___Late_blight/420b4d84-d621-4a64-a8bd-30042f1a6609___RS_LB 2778.JPG,21,C22,Potato___Late_blight,21,C22,0.5170415639877319,TP_LOWCONF,21,C22,False,0.5170415639877319
C22_6be49d30-1b69-435a-a533-21b2b1a7fd41___RS_LB 3309,new_pv_local/test/Potato___Late_blight/6be49d30-1b69-435a-a533-21b2b1a7fd41___RS_LB 3309.JPG,21,C22,Potato___Late_blight,21,C22,0.5291351675987244,TP_LOWCONF,21,C22,False,0.5291351675987244
C22_1b7342d7-5d89-4ee3-8b4f-587d79187511___RS_LB 4416,new_pv_local/test/Potato___Late_blight/1b7342d7-5d89-4ee3-8b4f-587d79187511___RS_LB 4416.JPG,21,C22,Potato___Late_blight,21,C22,0.5446857213973999,TP_LOWCONF,21,C22,False,0.5446857213973999
C23_111cd9d8-4d27-4225-be9e-d29b21cf56b9___RS_HL 5419_flipLR,new_pv_local/test/Potato___healthy/111cd9d8-4d27-4225-be9e-d29b21cf56b9___RS_HL 5419_flipLR.JPG,22,C23,Potato___healthy,24,C25,0.988436758518219,FN,22,C23,False,-0.988436758518219
C23_0f4ebc5a-d646-436a-919d-961342997cde___RS_HL 4183_flipLR,new_pv_local/test/Potato___healthy/0f4ebc5a-d646-436a-919d-961342997cde___RS_HL 4183_flipLR.JPG,22,C23,Potato___healthy,23,C24,0.9364585280418396,FN,22,C23,False,-0.9364585280418396
C23_111cd9d8-4d27-4225-be9e-d29b21cf56b9___RS_HL 5419,new_pv_local/test/Potato___healthy/111cd9d8-4d27-4225-be9e-d29b21cf56b9___RS_HL 5419.JPG,22,C23,Potato___healthy,24,C25,0.9335953593254089,FN,22,C23,False,-0.9335953593254089
C23_762672f4-17e6-4fd6-84f1-3bcb091b3ca5___RS_HL 5417_newGGR,new_pv_local/test/Potato___healthy/762672f4-17e6-4fd6-84f1-3bcb091b3ca5___RS_HL 5417_newGGR.JPG,22,C23,Potato___healthy,24,C25,0.8739964962005615,FN,22,C23,False,-0.8739964962005615
C25_aec600ff-4d1d-4b12-bdd4-8f1515d99273___RS_HL 3440,new_pv_local/test/Soybean___healthy/aec600ff-4d1d-4b12-bdd4-8f1515d99273___RS_HL 3440.JPG,24,C25,Soybean___healthy,22,C23,0.5916502475738525,FP_INTO_HARD,22,C23,False,-0.5916502475738525
C20_1b09df7a-eb13-4192-b211-900898ab21b4___JR_HL 8533_newPixel25,"new_pv_local/test/Pepper,_bell___healthy/1b09df7a-eb13-4192-b211-900898ab21b4___JR_HL 8533_newPixel25.JPG",19,C20,"Pepper,_bell___healthy",22,C23,0.53049236536026,FP_INTO_HARD,22,C23,False,-0.53049236536026
C25_b4cf2330-e6cd-4b3b-aa3a-4936e38e0571___RS_HL 7287,new_pv_local/test/Soybean___healthy/b4cf2330-e6cd-4b3b-aa3a-4936e38e0571___RS_HL 7287.JPG,24,C25,Soybean___healthy,22,C23,0.3511025309562683,FP_INTO_HARD,22,C23,False,-0.3511025309562683
C15_fabd2864-3431-4f44-b3bf-fa3af593fe05___Mt.N.V_HL 9002_180deg,new_pv_local/test/Grape___healthy/fabd2864-3431-4f44-b3bf-fa3af593fe05___Mt.N.V_HL 9002_180deg.JPG,14,C15,Grape___healthy,22,C23,0.2702924907207489,FP_INTO_HARD,22,C23,False,-0.2702924907207489
C23_23f1ab77-d664-49c4-92eb-41eb66c6d101___RS_HL 4169,new_pv_local/test/Potato___healthy/23f1ab77-d664-49c4-92eb-41eb66c6d101___RS_HL 4169.JPG,22,C23,Potato___healthy,22,C23,0.48023948073387146,TP_LOWCONF,22,C23,False,0.48023948073387146
C23_1b434c52-7be4-40c4-90d5-13220f1a3eba___RS_HL 5418_flipTB,new_pv_local/test/Potato___healthy/1b434c52-7be4-40c4-90d5-13220f1a3eba___RS_HL 5418_flipTB.JPG,22,C23,Potato___healthy,22,C23,0.4911893904209137,TP_LOWCONF,22,C23,False,0.4911893904209137
C23_c07db642-c675-4066-99b6-56bc8207fb37___RS_HL 4164_newGGR,new_pv_local/test/Potato___healthy/c07db642-c675-4066-99b6-56bc8207fb37___RS_HL 4164_newGGR.JPG,22,C23,Potato___healthy,22,C23,0.5300875902175903,TP_LOWCONF,22,C23,False,0.5300875902175903
C23_b4031970-60ea-4739-9fed-6c81be1bad1c___RS_HL 1752_180deg,new_pv_local/test/Potato___healthy/b4031970-60ea-4739-9fed-6c81be1bad1c___RS_HL 1752_180deg.JPG,22,C23,Potato___healthy,22,C23,0.543003261089325,TP_LOWCONF,22,C23,False,0.543003261089325
C29_ffcf0c9e-f932-4836-b160-47277fbe124c___GCREC_Bact.Sp 3776,new_pv_local/test/Tomato___Bacterial_spot/ffcf0c9e-f932-4836-b160-47277fbe124c___GCREC_Bact.Sp 3776.JPG,28,C29,Tomato___Bacterial_spot,34,C35,0.9599980711936951,FN,28,C29,False,-0.9599980711936951
C29_54672dba-a230-438b-a8a3-ce4b3b456254___GCREC_Bact.Sp 3562,new_pv_local/test/Tomato___Bacterial_spot/54672dba-a230-438b-a8a3-ce4b3b456254___GCREC_Bact.Sp 3562.JPG,28,C29,Tomato___Bacterial_spot,34,C35,0.9300941824913025,FN,28,C29,False,-0.9300941824913025
C29_18f7004e-226b-42cc-bcaf-db9c47c5da65___UF.GRC_BS_Lab Leaf 9237,new_pv_local/test/Tomato___Bacterial_spot/18f7004e-226b-42cc-bcaf-db9c47c5da65___UF.GRC_BS_Lab Leaf 9237.JPG,28,C29,Tomato___Bacterial_spot,32,C33,0.9087497591972351,FN,28,C29,False,-0.9087497591972351
C29_470dc5c1-47be-4468-ab17-e378715807e2___GCREC_Bact.Sp 3697,new_pv_local/test/Tomato___Bacterial_spot/470dc5c1-47be-4468-ab17-e378715807e2___GCREC_Bact.Sp 3697.JPG,28,C29,Tomato___Bacterial_spot,34,C35,0.8490036129951477,FN,28,C29,False,-0.8490036129951477
C36_b5649f53-c68d-4a01-9d5b-586645b61587___UF.GRC_YLCV_Lab 08572,new_pv_local/test/Tomato___Tomato_Yellow_Leaf_Curl_Virus/b5649f53-c68d-4a01-9d5b-586645b61587___UF.GRC_YLCV_Lab 08572.JPG,35,C36,Tomato___Tomato_Yellow_Leaf_Curl_Virus,28,C29,0.9995324611663818,FP_INTO_HARD,28,C29,False,-0.9995324611663818
C36_88228c71-4e2e-4e58-8f57-d6c3f0dc1bb5___YLCV_GCREC 5410,new_pv_local/test/Tomato___Tomato_Yellow_Leaf_Curl_Virus/88228c71-4e2e-4e58-8f57-d6c3f0dc1bb5___YLCV_GCREC 5410.JPG,35,C36,Tomato___Tomato_Yellow_Leaf_Curl_Virus,28,C29,0.9977966547012329,FP_INTO_HARD,28,C29,False,-0.9977966547012329
C36_aca447c5-2284-4b01-854f-1147f24e085a___UF.GRC_YLCV_Lab 08579,new_pv_local/test/Tomato___Tomato_Yellow_Leaf_Curl_Virus/aca447c5-2284-4b01-854f-1147f24e085a___UF.GRC_YLCV_Lab 08579.JPG,35,C36,Tomato___Tomato_Yellow_Leaf_Curl_Virus,28,C29,0.990345299243927,FP_INTO_HARD,28,C29,False,-0.990345299243927
C36_60834ba9-1f68-480f-95ae-5cc104065948___UF.GRC_YLCV_Lab 08568,new_pv_local/test/Tomato___Tomato_Yellow_Leaf_Curl_Virus/60834ba9-1f68-480f-95ae-5cc104065948___UF.GRC_YLCV_Lab 08568.JPG,35,C36,Tomato___Tomato_Yellow_Leaf_Curl_Virus,28,C29,0.8964860439300537,FP_INTO_HARD,28,C29,False,-0.8964860439300537
C29_ae92bca1-f5f0-4463-9459-97b61b826838___GCREC_Bact.Sp 3740,new_pv_local/test/Tomato___Bacterial_spot/ae92bca1-f5f0-4463-9459-97b61b826838___GCREC_Bact.Sp 3740.JPG,28,C29,Tomato___Bacterial_spot,28,C29,0.6120265126228333,TP_LOWCONF,28,C29,False,0.6120265126228333
C29_3cd5b241-d5f1-4ae7-92ea-447613dac98a___GCREC_Bact.Sp 3561,new_pv_local/test/Tomato___Bacterial_spot/3cd5b241-d5f1-4ae7-92ea-447613dac98a___GCREC_Bact.Sp 3561.JPG,28,C29,Tomato___Bacterial_spot,28,C29,0.6408244371414185,TP_LOWCONF,28,C29,False,0.6408244371414185
C29_e818ebcc-f37e-41c7-beae-0cb76e113a36___UF.GRC_BS_Lab Leaf 8705,new_pv_local/test/Tomato___Bacterial_spot/e818ebcc-f37e-41c7-beae-0cb76e113a36___UF.GRC_BS_Lab Leaf 8705.JPG,28,C29,Tomato___Bacterial_spot,28,C29,0.7549277544021606,TP_LOWCONF,28,C29,False,0.7549277544021606
C29_459dc80c-b60d-4da1-9400-7e0803cb2432___UF.GRC_BS_Lab Leaf 0708,new_pv_local/test/Tomato___Bacterial_spot/459dc80c-b60d-4da1-9400-7e0803cb2432___UF.GRC_BS_Lab Leaf 0708.JPG,28,C29,Tomato___Bacterial_spot,28,C29,0.7747628092765808,TP_LOWCONF,28,C29,False,0.7747628092765808
C30_ecafc299-bc29-4b5a-9a9b-537362b81ed2___RS_Erly.B 7435,new_pv_local/test/Tomato___Early_blight/ecafc299-bc29-4b5a-9a9b-537362b81ed2___RS_Erly.B 7435.JPG,29,C30,Tomato___Early_blight,11,C12,0.9971243739128113,FN,29,C30,False,-0.9971243739128113
C30_f6ddeb19-8aa3-40f5-8b60-b2f404f13407___RS_Erly.B 7705,new_pv_local/test/Tomato___Early_blight/f6ddeb19-8aa3-40f5-8b60-b2f404f13407___RS_Erly.B 7705.JPG,29,C30,Tomato___Early_blight,30,C31,0.9958990216255188,FN,29,C30,False,-0.9958990216255188
C30_06d0298e-18e5-4bf5-8d33-8feef6600f15___RS_Erly.B 7573,new_pv_local/test/Tomato___Early_blight/06d0298e-18e5-4bf5-8d33-8feef6600f15___RS_Erly.B 7573.JPG,29,C30,Tomato___Early_blight,28,C29,0.9850128889083862,FN,29,C30,False,-0.9850128889083862
C30_7763d482-8290-46f4-83aa-edb87ae15297___RS_Erly.B 7766_180deg,new_pv_local/test/Tomato___Early_blight/7763d482-8290-46f4-83aa-edb87ae15297___RS_Erly.B 7766_180deg.JPG,29,C30,Tomato___Early_blight,34,C35,0.936819851398468,FN,29,C30,False,-0.936819851398468
C19_9029703b-db1b-4227-bd29-ab05cc53b7ba___NREC_B.Spot 1802_180deg,"new_pv_local/test/Pepper,_bell___Bacterial_spot/9029703b-db1b-4227-bd29-ab05cc53b7ba___NREC_B.Spot 1802_180deg.JPG",18,C19,"Pepper,_bell___Bacterial_spot",29,C30,0.8940438032150269,FP_INTO_HARD,29,C30,False,-0.8940438032150269
C38_7de93009-6180-4027-8779-76947cda3e2f___2700323949_95aa2eaa01_o,new_pv_local/test/Tomato___healthy/7de93009-6180-4027-8779-76947cda3e2f___2700323949_95aa2eaa01_o.jpg,37,C38,Tomato___healthy,29,C30,0.192207470536232,FP_INTO_HARD,29,C30,False,-0.192207470536232
C30_fcbc5323-1679-416c-bb10-534e686f21bd___RS_Erly.B 7801_flipTB,new_pv_local/test/Tomato___Early_blight/fcbc5323-1679-416c-bb10-534e686f21bd___RS_Erly.B 7801_flipTB.JPG,29,C30,Tomato___Early_blight,29,C30,0.45798584818840027,TP_LOWCONF,29,C30,False,0.45798584818840027
C30_e31c2f10-8b8d-4aec-9bc7-764d2995ebec___RS_Erly.B 7398_flipTB,new_pv_local/test/Tomato___Early_blight/e31c2f10-8b8d-4aec-9bc7-764d2995ebec___RS_Erly.B 7398_flipTB.JPG,29,C30,Tomato___Early_blight,29,C30,0.4906473755836487,TP_LOWCONF,29,C30,False,0.4906473755836487
C30_68f9f67d-e84a-4551-871c-7b56aab9defc___RS_Erly.B 7693,new_pv_local/test/Tomato___Early_blight/68f9f67d-e84a-4551-871c-7b56aab9defc___RS_Erly.B 7693.JPG,29,C30,Tomato___Early_blight,29,C30,0.49671581387519836,TP_LOWCONF,29,C30,False,0.49671581387519836
C30_d0b75b16-bdf9-4e9d-bac9-47bf98c6258a___RS_Erly.B 6416,new_pv_local/test/Tomato___Early_blight/d0b75b16-bdf9-4e9d-bac9-47bf98c6258a___RS_Erly.B 6416.JPG,29,C30,Tomato___Early_blight,29,C30,0.530827522277832,TP_LOWCONF,29,C30,False,0.530827522277832
C31_cb3bd866-dd84-4f7e-9226-b4a2a2c7f2ae___GH_HL Leaf 173.2,new_pv_local/test/Tomato___Late_blight/cb3bd866-dd84-4f7e-9226-b4a2a2c7f2ae___GH_HL Leaf 173.2.JPG,30,C31,Tomato___Late_blight,37,C38,0.9991675615310669,FN,30,C31,True,-0.9991675615310669
C31_189f8e47-0892-4c82-b0b9-7a51b6c83a04___RS_Late.B 7193,new_pv_local/test/Tomato___Late_blight/189f8e47-0892-4c82-b0b9-7a51b6c83a04___RS_Late.B 7193.JPG,30,C31,Tomato___Late_blight,29,C30,0.9793570041656494,FN,30,C31,True,-0.9793570041656494
C31_edab4e30-5e08-4bf9-92eb-695d4472add6___RS_Late.B 5582,new_pv_local/test/Tomato___Late_blight/edab4e30-5e08-4bf9-92eb-695d4472add6___RS_Late.B 5582.JPG,30,C31,Tomato___Late_blight,21,C22,0.9732576608657837,FN,30,C31,True,-0.9732576608657837
C31_7733f764-a68f-4221-ae43-c096f03ce5d3___RS_Late.B 5985,new_pv_local/test/Tomato___Late_blight/7733f764-a68f-4221-ae43-c096f03ce5d3___RS_Late.B 5985.JPG,30,C31,Tomato___Late_blight,21,C22,0.7686123847961426,FN,30,C31,True,-0.7686123847961426
C31_ba98d073-d05a-4dfd-ae35-3f1fda2c3110___RS_Late.B 4843,new_pv_local/test/Tomato___Late_blight/ba98d073-d05a-4dfd-ae35-3f1fda2c3110___RS_Late.B 4843.JPG,30,C31,Tomato___Late_blight,34,C35,0.6258077025413513,FN,30,C31,True,-0.6258077025413513
C31_dd52a1b4-1d20-4417-96c9-48baac62f15b___RS_Late.B 5202,new_pv_local/test/Tomato___Late_blight/dd52a1b4-1d20-4417-96c9-48baac62f15b___RS_Late.B 5202.JPG,30,C31,Tomato___Late_blight,29,C30,0.5932731032371521,FN,30,C31,True,-0.5932731032371521
C31_7a72c715-f797-41d0-b8eb-7c02f9cd5086___GHLB Leaf 23.3 Day 12_flipLR,new_pv_local/test/Tomato___Late_blight/7a72c715-f797-41d0-b8eb-7c02f9cd5086___GHLB Leaf 23.3 Day 12_flipLR.JPG,30,C31,Tomato___Late_blight,9,C10,0.550199031829834,FN,30,C31,True,-0.550199031829834
C31_389ecffc-2ab0-4c7e-9f03-d6d4695d4f6a___RS_Late.B 5117,new_pv_local/test/Tomato___Late_blight/389ecffc-2ab0-4c7e-9f03-d6d4695d4f6a___RS_Late.B 5117.JPG,30,C31,Tomato___Late_blight,31,C32,0.5299416184425354,FN,30,C31,True,-0.5299416184425354
C27_c813028f-add4-4591-832c-72163c6ff701___RS_L.Scorch 9962,new_pv_local/test/Strawberry___Leaf_scorch/c813028f-add4-4591-832c-72163c6ff701___RS_L.Scorch 9962.JPG,26,C27,Strawberry___Leaf_scorch,30,C31,0.8091832995414734,FP_INTO_HARD,30,C31,True,-0.8091832995414734
C16_f0e9ab3f-1b18-4fb4-99ae-b251d8c72e25___CREC_HLB 7739,new_pv_local/test/Orange___Haunglongbing_(Citrus_greening)/f0e9ab3f-1b18-4fb4-99ae-b251d8c72e25___CREC_HLB 7739.JPG,15,C16,Orange___Haunglongbing_(Citrus_greening),30,C31,0.734286904335022,FP_INTO_HARD,30,C31,True,-0.734286904335022
C19_43aa27d3-3a37-4245-8b20-984512abfc6c___JR_B.Spot 3386,"new_pv_local/test/Pepper,_bell___Bacterial_spot/43aa27d3-3a37-4245-8b20-984512abfc6c___JR_B.Spot 3386.JPG",18,C19,"Pepper,_bell___Bacterial_spot",30,C31,0.631389856338501,FP_INTO_HARD,30,C31,True,-0.631389856338501
C6_9010117f-944e-4649-8610-5bd70d100f03___FREC_Pwd.M 4808,new_pv_local/test/Cherry_(including_sour)___Powdery_mildew/9010117f-944e-4649-8610-5bd70d100f03___FREC_Pwd.M 4808.JPG,5,C6,Cherry_(including_sour)___Powdery_mildew,30,C31,0.5371900200843811,FP_INTO_HARD,30,C31,True,-0.5371900200843811
C31_c042e7e2-a583-4709-b944-830965256802___GHLB2 Leaf 110,new_pv_local/test/Tomato___Late_blight/c042e7e2-a583-4709-b944-830965256802___GHLB2 Leaf 110.JPG,30,C31,Tomato___Late_blight,30,C31,0.35530945658683777,TP_LOWCONF,30,C31,True,0.35530945658683777
C31_278c79c0-ebab-4c54-b573-d94a936e63e4___GHLB Leaf 2.3 Day 13,new_pv_local/test/Tomato___Late_blight/278c79c0-ebab-4c54-b573-d94a936e63e4___GHLB Leaf 2.3 Day 13.JPG,30,C31,Tomato___Late_blight,30,C31,0.5208736658096313,TP_LOWCONF,30,C31,True,0.5208736658096313
C31_4710d5cd-08f7-44ae-91c1-99204f1c135b___RS_Late.B 6132,new_pv_local/test/Tomato___Late_blight/4710d5cd-08f7-44ae-91c1-99204f1c135b___RS_Late.B 6132.JPG,30,C31,Tomato___Late_blight,30,C31,0.5221770405769348,TP_LOWCONF,30,C31,True,0.5221770405769348
C31_f2f22a54-7995-4b43-83bf-5a0fba777466___RS_Late.B 5583,new_pv_local/test/Tomato___Late_blight/f2f22a54-7995-4b43-83bf-5a0fba777466___RS_Late.B 5583.JPG,30,C31,Tomato___Late_blight,30,C31,0.551353394985199,TP_LOWCONF,30,C31,True,0.551353394985199
C31_6dbfb834-5654-4526-8014-2b33ef976892___RS_Late.B 6172_flipLR,new_pv_local/test/Tomato___Late_blight/6dbfb834-5654-4526-8014-2b33ef976892___RS_Late.B 6172_flipLR.JPG,30,C31,Tomato___Late_blight,30,C31,0.5968572497367859,TP_LOWCONF,30,C31,True,0.5968572497367859
C31_5a4428ec-59da-40e5-823c-2e5bbb2a1fb6___RS_Late.B 5461,new_pv_local/test/Tomato___Late_blight/5a4428ec-59da-40e5-823c-2e5bbb2a1fb6___RS_Late.B 5461.JPG,30,C31,Tomato___Late_blight,30,C31,0.6299545168876648,TP_LOWCONF,30,C31,True,0.6299545168876648
C31_c3adf8f1-bab4-4130-ba60-0fe65e08d5a5___RS_Late.B 5079,new_pv_local/test/Tomato___Late_blight/c3adf8f1-bab4-4130-ba60-0fe65e08d5a5___RS_Late.B 5079.JPG,30,C31,Tomato___Late_blight,30,C31,0.6316092610359192,TP_LOWCONF,30,C31,True,0.6316092610359192
C31_6dbfc1ca-37e7-4768-8009-4394e97c6c03___GHLB2 Leaf 8838_flipLR,new_pv_local/test/Tomato___Late_blight/6dbfc1ca-37e7-4768-8009-4394e97c6c03___GHLB2 Leaf 8838_flipLR.JPG,30,C31,Tomato___Late_blight,30,C31,0.6529974937438965,TP_LOWCONF,30,C31,True,0.6529974937438965
C32_cc42f7f9-ecbf-4adf-b1df-1307218aac13___Crnl_L.Mold 8710,new_pv_local/test/Tomato___Leaf_Mold/cc42f7f9-ecbf-4adf-b1df-1307218aac13___Crnl_L.Mold 8710.JPG,31,C32,Tomato___Leaf_Mold,37,C38,0.9607018232345581,FN,31,C32,False,-0.9607018232345581
C32_8be2ecaa-d9f8-454d-89c4-5b5489fbc2df___Crnl_L.Mold 7172,new_pv_local/test/Tomato___Leaf_Mold/8be2ecaa-d9f8-454d-89c4-5b5489fbc2df___Crnl_L.Mold 7172.JPG,31,C32,Tomato___Leaf_Mold,29,C30,0.8478884100914001,FN,31,C32,False,-0.8478884100914001
C32_062842d6-a49e-4aec-94fb-d6868db0e53d___Crnl_L.Mold 8805,new_pv_local/test/Tomato___Leaf_Mold/062842d6-a49e-4aec-94fb-d6868db0e53d___Crnl_L.Mold 8805.JPG,31,C32,Tomato___Leaf_Mold,32,C33,0.6332905292510986,FN,31,C32,False,-0.6332905292510986
C32_69468833-8b43-4e43-8ebf-b86adcaeee0d___Crnl_L.Mold 6880_180deg,new_pv_local/test/Tomato___Leaf_Mold/69468833-8b43-4e43-8ebf-b86adcaeee0d___Crnl_L.Mold 6880_180deg.JPG,31,C32,Tomato___Leaf_Mold,36,C37,0.6154088973999023,FN,31,C32,False,-0.6154088973999023
C36_b8d383dc-cc5e-4e95-8db8-281765b92ee1___YLCV_GCREC 5141,new_pv_local/test/Tomato___Tomato_Yellow_Leaf_Curl_Virus/b8d383dc-cc5e-4e95-8db8-281765b92ee1___YLCV_GCREC 5141.JPG,35,C36,Tomato___Tomato_Yellow_Leaf_Curl_Virus,31,C32,0.9234803915023804,FP_INTO_HARD,31,C32,False,-0.9234803915023804
C17_c71d75ab-5e25-4c59-9a7c-fe915a6def88___Rut._Bact.S 0779,new_pv_local/test/Peach___Bacterial_spot/c71d75ab-5e25-4c59-9a7c-fe915a6def88___Rut._Bact.S 0779.JPG,16,C17,Peach___Bacterial_spot,31,C32,0.8631209135055542,FP_INTO_HARD,31,C32,False,-0.8631209135055542
C36_26085f4a-99f0-4c47-944b-5bfef02628b2___UF.GRC_YLCV_Lab 02937,new_pv_local/test/Tomato___Tomato_Yellow_Leaf_Curl_Virus/26085f4a-99f0-4c47-944b-5bfef02628b2___UF.GRC_YLCV_Lab 02937.JPG,35,C36,Tomato___Tomato_Yellow_Leaf_Curl_Virus,31,C32,0.7763249278068542,FP_INTO_HARD,31,C32,False,-0.7763249278068542
C36_41082437-2c12-4340-8d2e-02e967d0a2fa___YLCV_GCREC 2073,new_pv_local/test/Tomato___Tomato_Yellow_Leaf_Curl_Virus/41082437-2c12-4340-8d2e-02e967d0a2fa___YLCV_GCREC 2073.JPG,35,C36,Tomato___Tomato_Yellow_Leaf_Curl_Virus,31,C32,0.6275761723518372,FP_INTO_HARD,31,C32,False,-0.6275761723518372
C32_9332f136-9cb8-4b78-b6fa-507b03fc6d6a___Crnl_L.Mold 6764,new_pv_local/test/Tomato___Leaf_Mold/9332f136-9cb8-4b78-b6fa-507b03fc6d6a___Crnl_L.Mold 6764.JPG,31,C32,Tomato___Leaf_Mold,31,C32,0.5134016275405884,TP_LOWCONF,31,C32,False,0.5134016275405884
C32_e379328a-4265-470a-978d-5020f59f4c1f___Crnl_L.Mold 6833_flipTB,new_pv_local/test/Tomato___Leaf_Mold/e379328a-4265-470a-978d-5020f59f4c1f___Crnl_L.Mold 6833_flipTB.JPG,31,C32,Tomato___Leaf_Mold,31,C32,0.5231851935386658,TP_LOWCONF,31,C32,False,0.5231851935386658
C32_e59a2933-7869-4e49-8ed5-1663ca5200d1___Crnl_L.Mold 6785_flipTB,new_pv_local/test/Tomato___Leaf_Mold/e59a2933-7869-4e49-8ed5-1663ca5200d1___Crnl_L.Mold 6785_flipTB.JPG,31,C32,Tomato___Leaf_Mold,31,C32,0.5659705996513367,TP_LOWCONF,31,C32,False,0.5659705996513367
C32_e8a0bcf7-b76f-495f-ad84-f29329bfa481___Crnl_L.Mold 6620_flipTB,new_pv_local/test/Tomato___Leaf_Mold/e8a0bcf7-b76f-495f-ad84-f29329bfa481___Crnl_L.Mold 6620_flipTB.JPG,31,C32,Tomato___Leaf_Mold,31,C32,0.7591556906700134,TP_LOWCONF,31,C32,False,0.7591556906700134
C33_3f6c0ef0-068b-4566-a643-9a368d50bdc4___JR_Sept.L.S 8380_180deg,new_pv_local/test/Tomato___Septoria_leaf_spot/3f6c0ef0-068b-4566-a643-9a368d50bdc4___JR_Sept.L.S 8380_180deg.JPG,32,C33,Tomato___Septoria_leaf_spot,31,C32,0.9850885272026062,FN,32,C33,False,-0.9850885272026062
C33_da1f93df-82fb-47a9-9582-d2dadb97a2a0___JR_Sept.L.S 2649,new_pv_local/test/Tomato___Septoria_leaf_spot/da1f93df-82fb-47a9-9582-d2dadb97a2a0___JR_Sept.L.S 2649.JPG,32,C33,Tomato___Septoria_leaf_spot,36,C37,0.8910179734230042,FN,32,C33,False,-0.8910179734230042
C33_18b450ff-ae57-4873-9c73-7ebef0b659cd___Matt.S_CG 0953,new_pv_local/test/Tomato___Septoria_leaf_spot/18b450ff-ae57-4873-9c73-7ebef0b659cd___Matt.S_CG 0953.JPG,32,C33,Tomato___Septoria_leaf_spot,29,C30,0.40182793140411377,FN,32,C33,False,-0.40182793140411377
C37_8a000704-8eda-40bd-b07d-d04634d4fe72___PSU_CG 2238_180deg,new_pv_local/test/Tomato___Tomato_mosaic_virus/8a000704-8eda-40bd-b07d-d04634d4fe72___PSU_CG 2238_180deg.JPG,36,C37,Tomato___Tomato_mosaic_virus,32,C33,0.9533270597457886,FP_INTO_HARD,32,C33,False,-0.9533270597457886
C19_b9a94a36-2bdb-48a3-80eb-858a97ddba5b___JR_B.Spot 9080,"new_pv_local/test/Pepper,_bell___Bacterial_spot/b9a94a36-2bdb-48a3-80eb-858a97ddba5b___JR_B.Spot 9080.JPG",18,C19,"Pepper,_bell___Bacterial_spot",32,C33,0.938839852809906,FP_INTO_HARD,32,C33,False,-0.938839852809906
C19_cc9a53f1-2279-4427-88e5-559c3975a7c4___NREC_B.Spot 1833,"new_pv_local/test/Pepper,_bell___Bacterial_spot/cc9a53f1-2279-4427-88e5-559c3975a7c4___NREC_B.Spot 1833.JPG",18,C19,"Pepper,_bell___Bacterial_spot",32,C33,0.9266543388366699,FP_INTO_HARD,32,C33,False,-0.9266543388366699
C1_1ceeeee0-40bd-4ac9-8a57-59385bf5df8a___FREC_Scab 3001,new_pv_local/test/Apple___Apple_scab/1ceeeee0-40bd-4ac9-8a57-59385bf5df8a___FREC_Scab 3001.JPG,0,C1,Apple___Apple_scab,32,C33,0.8796426057815552,FP_INTO_HARD,32,C33,False,-0.8796426057815552
C33_5535ef29-cb2d-4a0d-a16c-d0c2ed296b3a___Matt.S_CG 0766,new_pv_local/test/Tomato___Septoria_leaf_spot/5535ef29-cb2d-4a0d-a16c-d0c2ed296b3a___Matt.S_CG 0766.JPG,32,C33,Tomato___Septoria_leaf_spot,32,C33,0.5519639849662781,TP_LOWCONF,32,C33,False,0.5519639849662781
C33_1a88e419-7d5c-45c7-a10f-4e1f80280cd2___Matt.S_CG 1584_180deg,new_pv_local/test/Tomato___Septoria_leaf_spot/1a88e419-7d5c-45c7-a10f-4e1f80280cd2___Matt.S_CG 1584_180deg.JPG,32,C33,Tomato___Septoria_leaf_spot,32,C33,0.6913871765136719,TP_LOWCONF,32,C33,False,0.6913871765136719
C33_3c27af36-d824-4251-97ca-0dc1f0c60d61___Matt.S_CG 7685_180deg,new_pv_local/test/Tomato___Septoria_leaf_spot/3c27af36-d824-4251-97ca-0dc1f0c60d61___Matt.S_CG 7685_180deg.JPG,32,C33,Tomato___Septoria_leaf_spot,32,C33,0.7132593393325806,TP_LOWCONF,32,C33,False,0.7132593393325806
C33_d3c59c88-195f-4aca-8311-a7c06fcf6c1b___Matt.S_CG 0969,new_pv_local/test/Tomato___Septoria_leaf_spot/d3c59c88-195f-4aca-8311-a7c06fcf6c1b___Matt.S_CG 0969.JPG,32,C33,Tomato___Septoria_leaf_spot,32,C33,0.7823038101196289,TP_LOWCONF,32,C33,False,0.7823038101196289
C34_90b28f76-c548-4b20-8421-fc0a6687f755___Com.G_SpM_FL 1756,new_pv_local/test/Tomato___Spider_mites Two-spotted_spider_mite/90b28f76-c548-4b20-8421-fc0a6687f755___Com.G_SpM_FL 1756.JPG,33,C34,Tomato___Spider_mites_Two-spotted_spider_mite,37,C38,0.9767690896987915,FN,33,C34,False,-0.9767690896987915
C34_2f577458-6085-4b56-9291-56a902c577d4___Com.G_SpM_FL 1466,new_pv_local/test/Tomato___Spider_mites Two-spotted_spider_mite/2f577458-6085-4b56-9291-56a902c577d4___Com.G_SpM_FL 1466.JPG,33,C34,Tomato___Spider_mites_Two-spotted_spider_mite,34,C35,0.9760671257972717,FN,33,C34,False,-0.9760671257972717
C34_4a3665bf-932d-4526-95a6-e491354df4ff___Com.G_SpM_FL 1541_180deg,new_pv_local/test/Tomato___Spider_mites Two-spotted_spider_mite/4a3665bf-932d-4526-95a6-e491354df4ff___Com.G_SpM_FL 1541_180deg.JPG,33,C34,Tomato___Spider_mites_Two-spotted_spider_mite,34,C35,0.8851749300956726,FN,33,C34,False,-0.8851749300956726
C34_88edbc3c-7373-46fd-b08b-e99408ea58db___Com.G_SpM_FL 1569,new_pv_local/test/Tomato___Spider_mites Two-spotted_spider_mite/88edbc3c-7373-46fd-b08b-e99408ea58db___Com.G_SpM_FL 1569.JPG,33,C34,Tomato___Spider_mites_Two-spotted_spider_mite,37,C38,0.8528465628623962,FN,33,C34,False,-0.8528465628623962
C4_ede0990f-ed5b-492b-9ecf-2f57027f2cd1___RS_HL 6319,new_pv_local/test/Apple___healthy/ede0990f-ed5b-492b-9ecf-2f57027f2cd1___RS_HL 6319.JPG,3,C4,Apple___healthy,33,C34,0.9247490763664246,FP_INTO_HARD,33,C34,False,-0.9247490763664246
C36_f9690dd2-52b0-4020-82e0-ecd3580e3b87___YLCV_GCREC 2072,new_pv_local/test/Tomato___Tomato_Yellow_Leaf_Curl_Virus/f9690dd2-52b0-4020-82e0-ecd3580e3b87___YLCV_GCREC 2072.JPG,35,C36,Tomato___Tomato_Yellow_Leaf_Curl_Virus,33,C34,0.877631664276123,FP_INTO_HARD,33,C34,False,-0.877631664276123
C36_de43da1d-a2c5-4840-b224-6bed63e56f51___YLCV_NREC 2635,new_pv_local/test/Tomato___Tomato_Yellow_Leaf_Curl_Virus/de43da1d-a2c5-4840-b224-6bed63e56f51___YLCV_NREC 2635.JPG,35,C36,Tomato___Tomato_Yellow_Leaf_Curl_Virus,33,C34,0.8331510424613953,FP_INTO_HARD,33,C34,False,-0.8331510424613953
C4_4ec6e6f9-7f03-44ca-9bd0-1f64b5964308___RS_HL 5669,new_pv_local/test/Apple___healthy/4ec6e6f9-7f03-44ca-9bd0-1f64b5964308___RS_HL 5669.JPG,3,C4,Apple___healthy,33,C34,0.7931414842605591,FP_INTO_HARD,33,C34,False,-0.7931414842605591
C34_7167844e-1c41-4b6b-a6df-54729cc646bf___Com.G_SpM_FL 9317,new_pv_local/test/Tomato___Spider_mites Two-spotted_spider_mite/7167844e-1c41-4b6b-a6df-54729cc646bf___Com.G_SpM_FL 9317.JPG,33,C34,Tomato___Spider_mites_Two-spotted_spider_mite,33,C34,0.4473263919353485,TP_LOWCONF,33,C34,False,0.4473263919353485
C34_98916e40-9711-49d6-af8b-77c10be459e2___Com.G_SpM_FL 8551,new_pv_local/test/Tomato___Spider_mites Two-spotted_spider_mite/98916e40-9711-49d6-af8b-77c10be459e2___Com.G_SpM_FL 8551.JPG,33,C34,Tomato___Spider_mites_Two-spotted_spider_mite,33,C34,0.5264468789100647,TP_LOWCONF,33,C34,False,0.5264468789100647
C34_7cbb0e2a-7b29-4f9d-9a1d-65e9f25a14fb___Com.G_SpM_FL 9548,new_pv_local/test/Tomato___Spider_mites Two-spotted_spider_mite/7cbb0e2a-7b29-4f9d-9a1d-65e9f25a14fb___Com.G_SpM_FL 9548.JPG,33,C34,Tomato___Spider_mites_Two-spotted_spider_mite,33,C34,0.5336348414421082,TP_LOWCONF,33,C34,False,0.5336348414421082
C34_4edd3dc5-09c7-465b-8596-03b6cd8ffa78___Com.G_SpM_FL 1441_180deg,new_pv_local/test/Tomato___Spider_mites Two-spotted_spider_mite/4edd3dc5-09c7-465b-8596-03b6cd8ffa78___Com.G_SpM_FL 1441_180deg.JPG,33,C34,Tomato___Spider_mites_Two-spotted_spider_mite,33,C34,0.5464881062507629,TP_LOWCONF,33,C34,False,0.5464881062507629
C35_76cefc70-6454-4dd0-bd4d-fddb3d129bed___Com.G_TgS_FL 1057,new_pv_local/test/Tomato___Target_Spot/76cefc70-6454-4dd0-bd4d-fddb3d129bed___Com.G_TgS_FL 1057.JPG,34,C35,Tomato___Target_Spot,37,C38,0.9994298815727234,FN,34,C35,True,-0.9994298815727234
C35_68055370-6691-48ef-b3e5-abbceed4149d___Com.G_TgS_FL 0639,new_pv_local/test/Tomato___Target_Spot/68055370-6691-48ef-b3e5-abbceed4149d___Com.G_TgS_FL 0639.JPG,34,C35,Tomato___Target_Spot,32,C33,0.9667064547538757,FN,34,C35,True,-0.9667064547538757
C35_ed60a782-22dd-4aa6-b16e-494b75fd3174___Com.G_TgS_FL 9896,new_pv_local/test/Tomato___Target_Spot/ed60a782-22dd-4aa6-b16e-494b75fd3174___Com.G_TgS_FL 9896.JPG,34,C35,Tomato___Target_Spot,36,C37,0.9608736038208008,FN,34,C35,True,-0.9608736038208008
C35_7f99bf94-4d5f-467f-a409-3305a21736ec___Com.G_TgS_FL 0982,new_pv_local/test/Tomato___Target_Spot/7f99bf94-4d5f-467f-a409-3305a21736ec___Com.G_TgS_FL 0982.JPG,34,C35,Tomato___Target_Spot,29,C30,0.9488897919654846,FN,34,C35,True,-0.9488897919654846
C35_1c051bf2-9fb9-4d1f-b5c3-d813c0278aca___Com.G_TgS_FL 9683_flipTB,new_pv_local/test/Tomato___Target_Spot/1c051bf2-9fb9-4d1f-b5c3-d813c0278aca___Com.G_TgS_FL 9683_flipTB.JPG,34,C35,Tomato___Target_Spot,33,C34,0.9477006196975708,FN,34,C35,True,-0.9477006196975708
C35_f7f90078-4728-4ee5-a383-0174afba2020___Com.G_TgS_FL 7894,new_pv_local/test/Tomato___Target_Spot/f7f90078-4728-4ee5-a383-0174afba2020___Com.G_TgS_FL 7894.JPG,34,C35,Tomato___Target_Spot,32,C33,0.9442669749259949,FN,34,C35,True,-0.9442669749259949
C35_d2fbf6aa-07fb-4ae1-8e82-2980be399705___Com.G_TgS_FL 0767,new_pv_local/test/Tomato___Target_Spot/d2fbf6aa-07fb-4ae1-8e82-2980be399705___Com.G_TgS_FL 0767.JPG,34,C35,Tomato___Target_Spot,37,C38,0.9438512325286865,FN,34,C35,True,-0.9438512325286865
C35_6bd21bee-4648-43fc-b481-dc4913a8c9be___Com.G_TgS_FL 0841,new_pv_local/test/Tomato___Target_Spot/6bd21bee-4648-43fc-b481-dc4913a8c9be___Com.G_TgS_FL 0841.JPG,34,C35,Tomato___Target_Spot,37,C38,0.9286547303199768,FN,34,C35,True,-0.9286547303199768
C36_67905f2f-163a-4abf-8306-73ab9515af8c___YLCV_GCREC 2162,new_pv_local/test/Tomato___Tomato_Yellow_Leaf_Curl_Virus/67905f2f-163a-4abf-8306-73ab9515af8c___YLCV_GCREC 2162.JPG,35,C36,Tomato___Tomato_Yellow_Leaf_Curl_Virus,34,C35,0.9919077157974243,FP_INTO_HARD,34,C35,True,-0.9919077157974243
C20_2c76bbee-0033-4186-bdc6-3f70092c4046___JR_HL 6000_newPixel25,"new_pv_local/test/Pepper,_bell___healthy/2c76bbee-0033-4186-bdc6-3f70092c4046___JR_HL 6000_newPixel25.JPG",19,C20,"Pepper,_bell___healthy",34,C35,0.8925321698188782,FP_INTO_HARD,34,C35,True,-0.8925321698188782
C3_3762c9a3-83db-44b7-88be-07c048ad293b___FREC_C.Rust 9945_newPixel25,new_pv_local/test/Apple___Cedar_apple_rust/3762c9a3-83db-44b7-88be-07c048ad293b___FREC_C.Rust 9945_newPixel25.JPG,2,C3,Apple___Cedar_apple_rust,34,C35,0.7001388072967529,FP_INTO_HARD,34,C35,True,-0.7001388072967529
C37_32a6609d-e858-4da0-a153-b59b4de976b7___PSU_CG 2061_newPixel25,new_pv_local/test/Tomato___Tomato_mosaic_virus/32a6609d-e858-4da0-a153-b59b4de976b7___PSU_CG 2061_newPixel25.JPG,36,C37,Tomato___Tomato_mosaic_virus,34,C35,0.46209070086479187,FP_INTO_HARD,34,C35,True,-0.46209070086479187
C35_1a8e252e-a75b-4d39-9dfb-e09434029183___Com.G_TgS_FL 0711_newPixel25,new_pv_local/test/Tomato___Target_Spot/1a8e252e-a75b-4d39-9dfb-e09434029183___Com.G_TgS_FL 0711_newPixel25.JPG,34,C35,Tomato___Target_Spot,34,C35,0.5000805258750916,TP_LOWCONF,34,C35,True,0.5000805258750916
C35_ea1ab7b8-3490-4fb1-acc6-fc95b14f625a___Com.G_TgS_FL 0946,new_pv_local/test/Tomato___Target_Spot/ea1ab7b8-3490-4fb1-acc6-fc95b14f625a___Com.G_TgS_FL 0946.JPG,34,C35,Tomato___Target_Spot,34,C35,0.5450928807258606,TP_LOWCONF,34,C35,True,0.5450928807258606
C35_0c2bd887-092f-410d-ac56-9b96110665c8___Com.G_TgS_FL 8285_flipTB,new_pv_local/test/Tomato___Target_Spot/0c2bd887-092f-410d-ac56-9b96110665c8___Com.G_TgS_FL 8285_flipTB.JPG,34,C35,Tomato___Target_Spot,34,C35,0.5483711361885071,TP_LOWCONF,34,C35,True,0.5483711361885071
C35_b3ce350d-9052-44d2-82cd-af671d1d4141___Com.G_TgS_FL 0772,new_pv_local/test/Tomato___Target_Spot/b3ce350d-9052-44d2-82cd-af671d1d4141___Com.G_TgS_FL 0772.JPG,34,C35,Tomato___Target_Spot,34,C35,0.5630415081977844,TP_LOWCONF,34,C35,True,0.5630415081977844
C35_4a144d06-1caf-4e45-84f5-c4b5196ed52f___Com.G_TgS_FL 8167,new_pv_local/test/Tomato___Target_Spot/4a144d06-1caf-4e45-84f5-c4b5196ed52f___Com.G_TgS_FL 8167.JPG,34,C35,Tomato___Target_Spot,34,C35,0.5890955328941345,TP_LOWCONF,34,C35,True,0.5890955328941345
C35_6c213594-9828-4c8e-ad0a-4e5cb6276f4b___Com.G_TgS_FL 7924_new30degFlipLR,new_pv_local/test/Tomato___Target_Spot/6c213594-9828-4c8e-ad0a-4e5cb6276f4b___Com.G_TgS_FL 7924_new30degFlipLR.JPG,34,C35,Tomato___Target_Spot,34,C35,0.5906199216842651,TP_LOWCONF,34,C35,True,0.5906199216842651
C35_4ec88bab-c631-438f-84dd-1645e7312905___Com.G_TgS_FL 0683,new_pv_local/test/Tomato___Target_Spot/4ec88bab-c631-438f-84dd-1645e7312905___Com.G_TgS_FL 0683.JPG,34,C35,Tomato___Target_Spot,34,C35,0.6126604676246643,TP_LOWCONF,34,C35,True,0.6126604676246643
C35_0adf2e61-79af-4129-aae0-f41f73b1725f___Com.G_TgS_FL 8275_180deg,new_pv_local/test/Tomato___Target_Spot/0adf2e61-79af-4129-aae0-f41f73b1725f___Com.G_TgS_FL 8275_180deg.JPG,34,C35,Tomato___Target_Spot,34,C35,0.6145006418228149,TP_LOWCONF,34,C35,True,0.6145006418228149
